A-MOST	a-most	1
A2CWiC	a2 cwic	1
AAA-IDEA	aaa-idea	1
AAAI	aaai	1
AAIM	aaim	1
AAIP	aaip	1
AAMAS	aamas	1
AB	ab	1
ABZ	abz	1
AC	ac	1
AC	ac	1
ACAL	acal	1
ACC	acc	1
AccessNets	accessnets	1
ACCV	accv	1
ACE	ace	1
ACE	ace	1
ACG	acg	1
ACHI	achi	1
ACII	acii	1
ACIIDS	aciids	1
ACISP	acisp	1
ACIVS	acivs	1
ACL	acl	1
ACM-L	acm-l	1
ACML	acml	1
ACNS	acns	1
ACoTA	acota	1
ACRI	acri	1
ACSAC	acsac	1
ACSAC	acsac	1
ACSD	acsd	1
Ada-Europe	ada-europe	1
ADBIS	adbis	1
ADC	adc	1
ADCONS	adcons	1
ADCS	adcs	1
ADG	adg	1
ADHOC-NOW	adhoc-now	1
ADHOCNETS	adhocnets	1
ADMA	adma	1
ADMI	admi	1
ADNTIIC	adntiic	1
ADS	ads	1
ADSN	adsn	1
ADT	adt	1
AFL	afl	1
AFRICACRYPT	africacrypt	1
Afrigraph	afrigraph	1
AGI	agi	1
AGILE	agile	1
AGILE	agile	1
AH	ah	1
AH	ah	1
AHS	ahs	1
AI	ai	1
AI*IA	ai * ia	1
AIAI	aiai	1
AICCSA	aiccsa	1
AICI	aici	1
AICT	aict	1
AIED	aied	1
AIEMPro	aiempro	1
AIIDE	aiide	1
AIME	aime	1
AIML	aiml	1
AIMS	aims	1
AIMSA	aimsa	1
AINA	aina	1
AINTEC	aintec	1
AIPR	aipr	1
AIPR	aipr	1
AIRS	airs	1
AIRWeb	airweb	1
AIS	ais	1
AISB	aisb	1
AISC	aisc	1
AISec	aisec	1
AISM	aism	1
ALA	ala	1
ALENEX	alenex	1
ALGOSENSORS	algosensors	1
AlMoDEP	almodep	1
ALPSWS	alpsws	1
ALT	alt	1
AM	am	1
AMAST	amast	1
AMBI-SYS	ambi-sys	1
AMCIS	amcis	1
AMDO	amdo	1
AMFG	amfg	1
AmI	ami	1
AMiRE	amire	1
AMMA	amma	1
AMR	amr	1
AMS	ams	1
AMS	ams	1
AMSTA	amsta	1
AMT	amt	1
AMTA	amta	1
ANALCO	analco	1
ANB	anb	1
ANCS	ancs	1
AND	and	1
ANLP	anlp	1
ANNIIP	anniip	1
ANNPR	annpr	1
ANSS	anss	1
ANTS	ants	1
ANTS	ants	1
AOSD	aosd	1
AP2PS	ap2 ps	1
APBC	apbc	1
APCCAS	apccas	1
APCCM	apccm	1
APCHI	apchi	1
APGV	apgv	1
APLAS	aplas	1
APNOMS	apnoms	1
APPT	appt	1
APSCC	apscc	1
APSEC	apsec	1
ApSys	apsys	1
APWCS	apwcs	1
APWeb	apweb	1
ARC	arc	1
ARCS	arcs	1
ARES	ares	1
ARITH	arith	1
ARM	arm	1
ARSO	arso	1
ARTCom	artcom	1
ArtsIT	artsit	1
ASAP	asap	1
ASE	ase	1
ASIACCS	asiaccs	1
AsiaSim	asiasim	1
ASMTA	asmta	1
ASONAM	asonam	1
ASP-DAC	asp-dac	1
ASPLOS	asplos	1
ASSETS	assets	1
AST	ast	1
ASWC	aswc	1
ASWEC	aswec	1
ASYNC	async	1
ATC	atc	1
ATMOS	atmos	1
ATS	ats	1
ATVA	atva	1
AUIC	auic	1
AUS-AI	aus-ai	1
AusDM	ausdm	1
AutomotiveUI	automotiveui	1
Autonomics	autonomics	1
AVI	avi	1
AVSS	avss	1
AWIC	awic	1
B-Interface	b-interface	1
BCB	bcb	1
BCI	bci	1
BHI	bhi	1
BIBE	bibe	1
BIBM	bibm	1
BIC-TA	bic-ta	1
BICA	bica	1
BICoB	bicob	1
BICS	bics	1
BIODEVICES	biodevices	1
BIOINFORMATICS	bioinformatics	1
BIOKDD	biokdd	1
BIOKDD	biokdd	1
BioMED	biomed	1
BIONETICS	bionetics	1
BIOSIG	biosig	1
BIOSIGNALS	biosignals	1
BIOSTEC	biostec	1
BIOTECHNO	biotechno	1
BIR	bir	1
BIRD	bird	1
BIRTE	birte	1
BIS	bis	1
BMEI	bmei	1
BMSD	bmsd	1
BMVC	bmvc	1
BNAIC	bnaic	1
BNCOD	bncod	1
BooksOnline	booksonline	1
BPM	bpm	1
BPMDS	bpmds	1
BPMN	bpmn	1
BPS	bps	1
BPSC	bpsc	1
BROADNETS	broadnets	1
BSB	bsb	1
BSBT	bsbt	1
BSN	bsn	1
BUSITAL	busital	1
BWCCA	bwcca	1
C5	c5	1
CAD/Graphics	cad/graphics	1
CADE	cade	1
CAI	cai	1
CAINE	caine	1
CAIP	caip	1
CAiSE	caise	1
CALCO	calco	1
CAMAD	camad	1
CANS	cans	1
CAR	car	1
CARDIOTECHNIX	cardiotechnix	1
CARDIS	cardis	1
CARE	care	1
CARS	cars	1
CASA	casa	1
CASC	casc	1
CASCON	cascon	1
CASE	case	1
CASES	cases	1
CASoN	cason	1
CATA	cata	1
CATS	cats	1
CAV	cav	1
CBDAR	cbdar	1
CBMI	cbmi	1
CBMS	cbms	1
CBSE	cbse	1
CC	cc	1
CCBR	ccbr	1
CCC	ccc	1
CCCG	cccg	1
CCE	cce	1
CCE	cce	1
CCECE	ccece	1
CCGRID	ccgrid	1
CCIA	ccia	1
CCIW	cciw	1
CCNC	ccnc	1
CCP	ccp	1
CCPI	ccpi	1
CCS	ccs	1
CDC	cdc	1
CDS	cds	1
CDVE	cdve	1
CEAS	ceas	1
CEC	cec	1
CEE-SET	cee-set	1
CELDA	celda	1
CENTERIS	centeris	1
CETS	cets	1
CF	cf	1
CG	cg	1
CGAMES	cgames	1
CGI	cgi	1
CGIV	cgiv	1
CGIV	cgiv	1
CGO	cgo	1
CHASE	chase	1
CHES	ches	1
CHI	chi	1
CHIMIT	chimit	1
CHINZ	chinz	1
CHItaly	chitaly	1
CI	ci	1
CIA	cia	1
CIAA	ciaa	1
CIAC	ciac	1
CIAO!	ciao !	1
CIARP	ciarp	1
CIBB	cibb	1
CIBCB	cibcb	1
CIbSE	cibse	1
CIC	cic	1
CICC	cicc	1
CICLing	cicling	1
CICSyN	cicsyn	1
CIDM	cidm	1
CIDR	cidr	1
CIDU	cidu	1
CiE	cie	1
CIG	cig	1
CIKM	cikm	1
CILC	cilc	1
CIMCA	cimca	1
CIRA	cira	1
CIS	cis	1
CISIM	cisim	1
CISIS	cisis	1
CISIS	cisis	1
CISS	ciss	1
CISSE	cisse	1
CISWSN	ciswsn	1
CIT	cit	1
CITA	cita	1
CIVR	civr	1
CLA	cla	1
CLADE	clade	1
CLEF	clef	1
CLIN	clin	1
CLOSER	closer	1
CLOUD	cloud	1
CloudCom	cloudcom	1
CloudComp	cloudcomp	1
CloudDb	clouddb	1
CLUSTER	cluster	1
CMC	cmc	1
CMLSA	cmlsa	1
CMMR	cmmr	1
CMS	cms	1
CMS	cms	1
CMSB	cmsb	1
CNL	cnl	1
CNS	cns	1
CNSM	cnsm	1
CNSR	cnsr	1
COCOA	cocoa	1
COCOON	cocoon	1
CODASPY	codaspy	1
CogART	cogart	1
COIN	coin	1
COLING	coling	1
CoLIS	colis	1
CollaborateCom	collaboratecom	1
COLT	colt	1
COMAD	comad	1
COMMA	comma	1
CoMoL	comol	1
CompIMAGE	compimage	1
Complex	complex	1
COMPSAC	compsac	1
CompSysTech	compsystech	1
Compute	compute	1
COMSNETS	comsnets	1
COMSWARE	comsware	1
CONCUR	concur	1
CoNEXT	conext	1
CONFENIS	confenis	1
CONIELECOMP	conielecomp	1
COOP	coop	1
CoopIS	coopis	1
COORDINATION	coordination	1
CoreGRID	coregrid	1
CORES	cores	1
COSADE	cosade	1
COSIT	cosit	1
CP	cp	1
CPA	cpa	1
CPAIOR	cpaior	1
CPM	cpm	1
CRiSIS	crisis	1
CRITIS	critis	1
CRIWG	criwg	1
CRV	crv	1
CRYPTO	crypto	1
CSA	csa	1
CSAW	csaw	1
CSB	csb	1
CSC	csc	1
CSCL	cscl	1
CSCW	cscw	1
CSCWD	cscwd	1
CSE	cse	1
CSEDU	csedu	1
CSF	csf	1
CSIE	csie	1
CSL	csl	1
CSLP	cslp	1
CSMR	csmr	1
CSN	csn	1
CSNDSP	csndsp	1
CSO	cso	1
CSR	csr	1
CSSE	csse	1
CSTST	cstst	1
CSWWS	cswws	1
CT-RSA	ct-rsa	1
CTIC	ctic	1
CTS	cts	1
CTW	ctw	1
CVPR	cvpr	1
CW	cw	1
CyberC	cyberc	1
DAARC	daarc	1
DAC	dac	1
DAIS	dais	1
DALT	dalt	1
DaMoN	damon	1
DARS	dars	1
DAS	das	1
DASC	dasc	1
DASFAA	dasfaa	1
DATA	data	1
DATE	date	1
DaWaK	dawak	1
DBISP2P	dbisp2 p	1
DBKDA	dbkda	1
DBLM	dblm	1
DBPL	dbpl	1
DBSec	dbsec	1
DBSocial	dbsocial	1
DBTA	dbta	1
DCAI	dcai	1
DCC	dcc	1
DCFS	dcfs	1
DCIBI	dcibi	1
DCNET	dcnet	1
DCOSS	dcoss	1
DCperf	dcperf	1
DDECS	ddecs	1
DEBS	debs	1
DEIS	deis	1
DELTA	delta	1
DEON	deon	1
DESIRE	desire	1
DESRIST	desrist	1
DEV	dev	1
DEXA	dexa	1
DFMA	dfma	1
DFRWS	dfrws	1
DFT	dft	1
DG.O	dg.o	1
DGCI	dgci	1
DICTA	dicta	1
DICTAP	dictap	1
DigiBiz	digibiz	1
DIGITEL	digitel	1
DIGRA	digra	1
DILS	dils	1
DIM	dim	1
DIMEA	dimea	1
DIS	dis	1
DISC	disc	1
DLS	dls	1
DLT	dlt	1
DMIN	dmin	1
DMO	dmo	1
DMS	dms	1
DMSN	dmsn	1
DMVE	dmve	1
DNIS	dnis	1
DOA	doa	1
DoCEIS	doceis	1
DocEng	doceng	1
DOLAP	dolap	1
DPPI	dppi	1
DRCN	drcn	1
DRR	drr	1
DS	ds	1
DS-RT	ds-rt	1
DSD	dsd	1
DSDE	dsde	1
DSMM	dsmm	1
DSN	dsn	1
DSOM	dsom	1
DSS	dss	1
DTMBIO	dtmbio	1
DUX	dux	1
E-BAG	e-bag	1
E-Energy	e-energy	1
e-Forensics	e-forensics	1
E-Science	e-science	1
EACL	eacl	1
EAMT	eamt	1
EASSS	easss	1
EATIS	eatis	1
EC	ec	1
EC-TEL	ec-tel	1
EC-Web	ec-web	1
ECAI	ecai	1
ECAL	ecal	1
ECBS	ecbs	1
ECCB	eccb	1
ECCE	ecce	1
ECCTD	ecctd	1
ECCV	eccv	1
ECDL	ecdl	1
ECDM	ecdm	1
ECEG	eceg	1
ECIR	ecir	1
ECIS	ecis	1
ECIW	eciw	1
ECKM	eckm	1
ECMFA	ecmfa	1
ECMR	ecmr	1
eCOMO	ecomo	1
ECOOP	ecoop	1
ECOWS	ecows	1
ECRTS	ecrts	1
ECSA	ecsa	1
ECSCW	ecscw	1
ECSQARU	ecsqaru	1
ECTA	ecta	1
EDACS	edacs	1
EDBT	edbt	1
EDCC	edcc	1
EDM	edm	1
EDOC	edoc	1
Edutainment	edutainment	1
EEWC	eewc	1
EGC	egc	1
EGOV	egov	1
EGOVIS	egovis	1
EGPGV	egpgv	1
EGSR	egsr	1
eHealth	ehealth	1
EICS	eics	1
EISIC	eisic	1
EISWT	eiswt	1
EIT	eit	1
EJC	ejc	1
EKAW	ekaw	1
eKNOW	eknow	1
ELPUB	elpub	1
EmbeddedCom	embeddedcom	1
EMEIT	emeit	1
EMMCVPR	emmcvpr	1
EMMSAD	emmsad	1
EMNLP	emnlp	1
EMS	ems	1
EMSOFT	emsoft	1
EN-FINES	en-fines	1
ENASE	enase	1
ENC	enc	1
ENTER	enter	1
EOMAS	eomas	1
EOOLT	eoolt	1
ePart	epart	1
EPEW	epew	1
EPIA	epia	1
EPOS	epos	1
ER	er	1
ESA	esa	1
ESAIR	esair	1
ESANN	esann	1
ESEM	esem	1
ESIAT	esiat	1
ESM	esm	1
ESOCC	esocc	1
ESOP	esop	1
ESORICS	esorics	1
ESSCIRC	esscirc	1
ESSoS	essos	1
ESTIMedia	estimedia	1
ESWC	eswc	1
ESWC	eswc	1
ETAPS	etaps	1
eTELEMED	etelemed	1
ETFA	etfa	1
ETheCoM	ethecom	1
ETID	etid	1
ETM	etm	1
ETS	ets	1
ETT	ett	1
ETX	etx	1
EUC	euc	1
EUMAS	eumas	1
EUNIS	eunis	1
Euro-Par	euro-par	1
EUROBOT	eurobot	1
EUROCAST	eurocast	1
EuroCG	eurocg	1
EUROCON	eurocon	1
EUROCRYPT	eurocrypt	1
EuroGP	eurogp	1
EuroHaptics	eurohaptics	1
EuroIMSA	euroimsa	1
EuroISI	euroisi	1
EuroITV	euroitv	1
EuroPKI	europki	1
EuroPLoP	europlop	1
EUROSEC	eurosec	1
EuroSPI	eurospi	1
EuroSSC	eurossc	1
EuroSys	eurosys	1
EuroVis	eurovis	1
EvoApplications	evoapplications	1
EvoBIO	evobio	1
EvoCOP	evocop	1
EWRL	ewrl	1
EWSN	ewsn	1
ExaCt	exact	1
FACS	facs	1
FASE	fase	1
FAST	fast	1
FAST	fast	1
FAW	faw	1
FC	fc	1
FCCM	fccm	1
FCST	fcst	1
FCT	fct	1
FCTA	fcta	1
FDG	fdg	1
FDL	fdl	1
FedCSIS	fedcsis	1
FG	fg	1
FICS	fics	1
FinanceCom	financecom	1
FIND	find	1
FIS	fis	1
FIT	fit	1
FLAIRS	flairs	1
FlexDBIST	flexdbist	1
FLOPS	flops	1
FM	fm	1
FMCAD	fmcad	1
FMICS	fmics	1
FMN	fmn	1
FMOODS	fmoods	1
FOCI	foci	1
FOCS	focs	1
FOGA	foga	1
FoIKS	foiks	1
FOIS	fois	1
FOMC	fomc	1
FOMI	fomi	1
FOPARA	fopara	1
FORMATS	formats	1
FORTE	forte	1
FOSAD	fosad	1
FoSSaCS	fossacs	1
FP-UML	fp-uml	1
FPGA	fpga	1
FPL	fpl	1
FPS	fps	1
FPT	fpt	1
FQAS	fqas	1
FroCoS	frocos	1
FSE	fse	1
FSE	fse	1
FSEN	fsen	1
FSKD	fskd	1
FSMNLP	fsmnlp	1
FSR	fsr	1
FSTTCS	fsttcs	1
FUN	fun	1
FUZZ-IEEE	fuzz-ieee	1
GAMEON	gameon	1
GameSec	gamesec	1
GCB	gcb	1
GCC	gcc	1
GCE	gce	1
GD	gd	1
GECCO	gecco	1
GECON	gecon	1
GeNeMe	geneme	1
GeoInfo	geoinfo	1
GHTC	ghtc	1
GIR	gir	1
GIS	gis	1
GIScience	giscience	1
GKR	gkr	1
Globe	globe	1
GLOBECOM	globecom	1
GLSVLSI	glsvlsi	1
GMAI	gmai	1
GMP	gmp	1
GoTAL	gotal	1
GPC	gpc	1
GPCE	gpce	1
GPGPU	gpgpu	1
GRAPHITE	graphite	1
GRAPP	grapp	1
GrC	grc	1
GREC	grec	1
GreenCom	greencom	1
GRID	grid	1
GridNets	gridnets	1
GROUP	group	1
GSD	gsd	1
GSN	gsn	1
HAI	hai	1
HAIS	hais	1
HASE	hase	1
Haskell	haskell	1
HBU	hbu	1
HCC	hcc	1
HCC	hcc	1
HCITOCH	hcitoch	1
HCSE	hcse	1
HEALTHINF	healthinf	1
HERCMA	hercma	1
HeteroPar	heteropar	1
HiBB	hibb	1
HICSS	hicss	1
HiPC	hipc	1
HiPEAC	hipeac	1
HIPS	hips	1
HIS	his	1
HIS	his	1
HISB	hisb	1
HLDVT	hldvt	1
HM	hm	1
HoloMAS	holomas	1
HOST	host	1
HotDep	hotdep	1
HOTI	hoti	1
HotMobile	hotmobile	1
HotNets	hotnets	1
HotOS	hotos	1
HotSWUp	hotswup	1
HPC	hpc	1
HPCA	hpca	1
HPCC	hpcc	1
HPCNCS	hpcncs	1
HPCS	hpcs	1
HPDC	hpdc	1
HPSR	hpsr	1
HPTS	hpts	1
HRI	hri	1
HRPR	hrpr	1
HSCC	hscc	1
Humanoids	humanoids	1
HVC	hvc	1
Hypertext	hypertext	1
I-KNOW	i-know	1
I-SEMANTICS	i-semantics	1
I-USED	i-used	1
i3D	i3 d	1
I3E	i3 e	1
IA	ia	1
IAAI	iaai	1
IAIT	iait	1
IALP	ialp	1
IAS	ias	1
IAS	ias	1
IAS	ias	1
IAT	iat	1
IAWTIC	iawtic	1
IBERAMIA	iberamia	1
IbPRIA	ibpria	1
IC3	ic3	1
IC3K	ic3 k	1
ICA3PP	ica3 pp	1
ICAART	icaart	1
ICAC	icac	1
ICAC	icac	1
ICAD	icad	1
ICADL	icadl	1
ICAIC	icaic	1
ICAIL	icail	1
ICAIS	icais	1
ICAISC	icaisc	1
ICAL	ical	1
ICALP	icalp	1
ICALT	icalt	1
ICANN	icann	1
ICANNGA	icannga	1
ICAPS	icaps	1
ICARA	icara	1
ICARCV	icarcv	1
ICARIS	icaris	1
ICAS	icas	1
ICASSP	icassp	1
ICB	icb	1
ICBO	icbo	1
ICC	icc	1
ICCA	icca	1
ICCABS	iccabs	1
ICCAD	iccad	1
ICCBR	iccbr	1
ICCCI	iccci	1
ICCCN	icccn	1
ICCD	iccd	1
ICCE	icce	1
ICCI	icci	1
ICCI	icci	1
ICCL	iccl	1
ICCM	iccm	1
ICCMS	iccms	1
ICCPOL	iccpol	1
ICCPS	iccps	1
ICCS	iccs	1
ICCS	iccs	1
ICCSA	iccsa	1
ICCSCE	iccsce	1
ICCTA	iccta	1
ICCV	iccv	1
ICCVG	iccvg	1
ICDAR	icdar	1
ICDCIT	icdcit	1
ICDCN	icdcn	1
ICDCS	icdcs	1
ICDE	icde	1
ICDEM	icdem	1
ICDIM	icdim	1
ICDKE	icdke	1
ICDM	icdm	1
ICDM	icdm	1
ICDS	icds	1
ICDSC	icdsc	1
ICDT	icdt	1
ICE-B	ice-b	1
ICEB	iceb	1
ICEBE	icebe	1
ICEC	icec	1
ICEC	icec	1
ICEC	icec	1
ICECCS	iceccs	1
ICECS	icecs	1
ICECS	icecs	1
ICEE	icee	1
ICEEI	iceei	1
ICEIS	iceis	1
ICER	icer	1
ICES	ices	1
ICESS	icess	1
IceTAL	icetal	1
ICETC	icetc	1
ICETE	icete	1
ICFCA	icfca	1
ICFEM	icfem	1
ICFHR	icfhr	1
ICFI	icfi	1
ICFIE	icfie	1
ICFP	icfp	1
ICGEC	icgec	1
ICGI	icgi	1
ICGS3	icgs3	1
ICGSE	icgse	1
ICGT	icgt	1
ICHIT	ichit	1
ICHL	ichl	1
ICIAP	iciap	1
ICIAR	iciar	1
ICIC	icic	1
ICICA	icica	1
ICICIC	icicic	1
ICICS	icics	1
ICIDS	icids	1
ICIG	icig	1
ICIMCS	icimcs	1
ICINCO	icinco	1
ICIP	icip	1
ICIQ	iciq	1
ICIRA	icira	1
ICIS	icis	1
ICIS	icis	1
ICIS	icis	1
ICISC	icisc	1
ICISO	iciso	1
ICISP	icisp	1
ICISS	iciss	1
ICISTM	icistm	1
ICIT	icit	1
ICIT	icit	1
ICITS	icits	1
ICITST	icitst	1
ICIW	iciw	1
ICLP	iclp	1
ICLS	icls	1
ICMAI	icmai	1
ICMB	icmb	1
ICMB	icmb	1
ICMCS	icmcs	1
ICME	icme	1
ICMENS	icmens	1
ICMI	icmi	1
ICML	icml	1
ICMLA	icmla	1
ICMLC	icmlc	1
ICMR	icmr	1
ICMS	icms	1
ICMT	icmt	1
ICN	icn	1
ICNC	icnc	1
ICNC	icnc	1
ICNP	icnp	1
ICNS	icns	1
ICNSC	icnsc	1
ICOIN	icoin	1
ICON	icon	1
ICONIP	iconip	1
ICONS	icons	1
ICOODB	icoodb	1
ICORES	icores	1
ICOST	icost	1
ICPADS	icpads	1
ICPC	icpc	1
ICPE	icpe	1
ICPP	icpp	1
ICPR	icpr	1
ICPRAM	icpram	1
ICPS	icps	1
ICPW	icpw	1
ICQNM	icqnm	1
ICQT	icqt	1
ICRA	icra	1
ICRE	icre	1
ICS	ics	1
ICSAP	icsap	1
ICSC	icsc	1
ICSDM	icsdm	1
ICSE	icse	1
ICSEA	icsea	1
ICSECS	icsecs	1
ICSEE	icsee	1
ICSEng	icseng	1
ICSI	icsi	1
ICSIPA	icsipa	1
ICSM	icsm	1
ICSNC	icsnc	1
ICSOB	icsob	1
ICSOC	icsoc	1
ICSOFT	icsoft	1
icSPORTS	icsports	1
ICSR	icsr	1
ICSR	icsr	1
ICSSP	icssp	1
ICST	icst	1
ICT	ict	1
ICT-GLOW	ict-glow	1
ICTA	icta	1
ICTAC	ictac	1
ICTAI	ictai	1
ICTCS	ictcs	1
ICTD	ictd	1
ICTE	icte	1
ICTERI	icteri	1
ICTIR	ictir	1
ICTSS	ictss	1
ICUIMC	icuimc	1
ICUMT	icumt	1
ICVS	icvs	1
ICWE	icwe	1
ICWI	icwi	1
ICWIT	icwit	1
ICWL	icwl	1
ICWMC	icwmc	1
ICWN	icwn	1
ICWS	icws	1
ICWSM	icwsm	1
ICWUS	icwus	1
ICYCS	icycs	1
IDA	ida	1
IDAACS	idaacs	1
IDC	idc	1
IDC	idc	1
IDEAL	ideal	1
IDEAS	ideas	1
IE	ie	1
IE	ie	1
IEA/AIE	iea/aie	1
IEEM	ieem	1
IESS	iess	1
IESS	iess	1
IFIPTM	ifiptm	1
IFL	ifl	1
IFM	ifm	1
IGARSS	igarss	1
IH	ih	1
IHCI	ihci	1
IHI	ihi	1
IICAI	iicai	1
IIH-MSP	iih-msp	1
IIiX	iiix	1
IIP	iip	1
IIR	iir	1
IIS	iis	1
IISWC	iiswc	1
IITA	iita	1
IJCAI	ijcai	1
IJCAR	ijcar	1
IJCBS	ijcbs	1
IJCCI	ijcci	1
IJCNLP	ijcnlp	1
IJCNN	ijcnn	1
ILP	ilp	1
IM	im	1
IMC	imc	1
IMCSIT	imcsit	1
IMECS	imecs	1
IMIS	imis	1
IMPRESS	impress	1
IMS	ims	1
IMTIC	imtic	1
ImViReLL	imvirell	1
INAP	inap	1
INC	inc	1
INCoS	incos	1
INDOCRYPT	indocrypt	1
iNetSeC	inetsec	1
iNEWS	inews	1
INFOCOM	infocom	1
Infoscale	infoscale	1
InfoSecCD	infoseccd	1
InfoSecHiComNet	infosechicomnet	1
INFOVIS	infovis	1
INLG	inlg	1
INOC	inoc	1
Inscrypt	inscrypt	1
INTENSIVE	intensive	1
INTERACT	interact	1
INTERACT	interact	1
INTERSPEECH	interspeech	1
INTETAIN	intetain	1
INTRUST	intrust	1
IOLTS	iolts	1
IOT	iot	1
IPAW	ipaw	1
IPCAI	ipcai	1
IPCC	ipcc	1
IPCCC	ipccc	1
IPCO	ipco	1
IPDPS	ipdps	1
IPEC	ipec	1
IPMI	ipmi	1
IPMU	ipmu	1
IPOM	ipom	1
IPSN	ipsn	1
IPTC	iptc	1
IPTComm	iptcomm	1
IPTPS	iptps	1
IQIS	iqis	1
IRCDL	ircdl	1
IRFC	irfc	1
IRI	iri	1
IROS	iros	1
IS	is	1
IS-EUD	is-eud	1
ISA	isa	1
ISAAC	isaac	1
ISADS	isads	1
ISAIM	isaim	1
ISAmI	isami	1
ISARCS	isarcs	1
ISAS	isas	1
ISBI	isbi	1
ISBRA	isbra	1
ISC	isc	1
ISC	isc	1
ISCA	isca	1
ISCAS	iscas	1
ISCC	iscc	1
ISCID	iscid	1
IScIDE	iscide	1
ISCIS	iscis	1
ISCSLP	iscslp	1
ISDA	isda	1
ISDF	isdf	1
ISEC	isec	1
ISECS	isecs	1
ISER	iser	1
ISESS	isess	1
ISI	isi	1
ISIA	isia	1
ISIPTA	isipta	1
ISIT	isit	1
ISITA	isita	1
ISLPED	islped	1
ISM	ism	1
ISMAR	ismar	1
ISMB	ismb	1
ISMIR	ismir	1
ISMIS	ismis	1
ISMM	ismm	1
ISMM	ismm	1
ISMVL	ismvl	1
ISNN	isnn	1
ISoLA	isola	1
ISORC	isorc	1
ISPA	ispa	1
ISPASS	ispass	1
ISPD	ispd	1
ISPDC	ispdc	1
ISPEC	ispec	1
ISQED	isqed	1
ISR	isr	1
ISSA	issa	1
ISSAC	issac	1
ISSCC	isscc	1
ISSE	isse	1
ISSPA	isspa	1
ISSPIT	isspit	1
ISSRE	issre	1
ISSTA	issta	1
ISTA	ista	1
ISUVR	isuvr	1
ISVC	isvc	1
ISVLSI	isvlsi	1
ISWC	iswc	1
ISWC	iswc	1
ISWCS	iswcs	1
ISWSA	iswsa	1
ITA	ita	1
ITBAM	itbam	1
ITC	itc	1
ITC	itc	1
ITCS	itcs	1
ITCS	itcs	1
ITHET	ithet	1
ITI	iti	1
ITiCSE	iticse	1
ITNG	itng	1
ITP	itp	1
ITS	its	1
ITS	its	1
ITSL	itsl	1
IUCS	iucs	1
IUI	iui	1
IUKM	iukm	1
IV	iv	1
IV	iv	1
IVA	iva	1
IVAPP	ivapp	1
IVCNZ	ivcnz	1
IWAAL	iwaal	1
IWAI	iwai	1
IWANN	iwann	1
IWCF	iwcf	1
IWCIA	iwcia	1
IWCMC	iwcmc	1
IWCSN	iwcsn	1
IWDW	iwdw	1
IWEI	iwei	1
IWINAC	iwinac	1
IWOCA	iwoca	1
IWOMP	iwomp	1
IWPACBB	iwpacbb	1
IWPSE	iwpse	1
IWPT	iwpt	1
IWQoS	iwqos	1
IWRT	iwrt	1
IWSC	iwsc	1
IWSDS	iwsds	1
IWSEC	iwsec	1
IWSOS	iwsos	1
IWWUA	iwwua	1
IZS	izs	1
JCDL	jcdl	1
JCKBSE	jckbse	1
JFSMA	jfsma	1
JSSPP	jsspp	1
JTRES	jtres	1
JURIX	jurix	1
K-CAP	k-cap	1
K4HelP	k4 help	1
KAMC	kamc	1
KDD	kdd	1
KDIR	kdir	1
KEOD	keod	1
KES-AMSTA	kes-amsta	1
KICSS	kicss	1
KiVS	kivs	1
KMIS	kmis	1
KONVENS	konvens	1
KR	kr	1
KR4HC	kr4 hc	1
KSE	kse	1
KSEM	ksem	1
LA-WEB	la-web	1
LACL	lacl	1
LADC	ladc	1
LAGOS	lagos	1
LAK	lak	1
LANC	lanc	1
LANOMS	lanoms	1
LARC	larc	1
LATA	lata	1
LATIN	latin	1
LAW	law	1
LBM	lbm	1
LCC	lcc	1
LCN	lcn	1
LCPC	lcpc	1
LCTES	lctes	1
LDTA	ldta	1
LESS	less	1
LICS	lics	1
LID	lid	1
LION	lion	1
LISA	lisa	1
LoCA	loca	1
LocWeb	locweb	1
LOFT	loft	1
LOPSTR	lopstr	1
LORI	lori	1
LPAR	lpar	1
LPNMR	lpnmr	1
LREC	lrec	1
LSDS-IR	lsds-ir	1
LTC	ltc	1
LVA/ICA	lva/ica	1
M2AS	m2 as	1
MABS	mabs	1
MACE	mace	1
MACOM	macom	1
MAICS	maics	1
MASCOTS	mascots	1
MASS	mass	1
MATES	mates	1
MBMV	mbmv	1
MCDM	mcdm	1
MCIS	mcis	1
MCM	mcm	1
MCO	mco	1
MCPR	mcpr	1
MCS	mcs	1
MCS	mcs	1
MCU	mcu	1
MDA	mda	1
MDAI	mdai	1
MDM	mdm	1
MDMM	mdmm	1
MEDES	medes	1
MEDI	medi	1
MEMICS	memics	1
MEMOCODE	memocode	1
MFCS	mfcs	1
MGC	mgc	1
MIC	mic	1
MICAI	micai	1
MICCAI	miccai	1
MICRO	micro	1
Middleware	middleware	1
MidSens	midsens	1
MIE	mie	1
MIG	mig	1
MIMIC	mimic	1
MIPRO	mipro	1
miproBIS	miprobis	1
MIR	mir	1
MIRAGE	mirage	1
MiT	mit	1
MIWAI	miwai	1
MKM	mkm	1
MKWI	mkwi	1
MLDM	mldm	1
MLG	mlg	1
MM	mm	1
MMCS	mmcs	1
MMEDIA	mmedia	1
MMICS	mmics	1
MMM	mmm	1
MMM-ACNS	mmm-acns	1
MMSP	mmsp	1
MMSys	mmsys	1
MMVR	mmvr	1
MobiCASE	mobicase	1
MOBICOM	mobicom	1
MobiDE	mobide	1
MobiHealth	mobihealth	1
MobiHeld	mobiheld	1
MobiHoc	mobihoc	1
MobileHCI	mobilehci	1
MOBILIGHT	mobilight	1
Mobility	mobility	1
MOBILWARE	mobilware	1
MobiMedia	mobimedia	1
MobiQuitous	mobiquitous	1
MobiSec	mobisec	1
MobiSys	mobisys	1
MOBIWAC	mobiwac	1
MoDELS	models	1
MODELSWARD	modelsward	1
MOL	mol	1
MoMM	momm	1
MOMPES	mompes	1
MONAMI	monami	1
MOST-ONISW	most-onisw	1
MOVEP	movep	1
MoViX	movix	1
MPC	mpc	1
MRC	mrc	1
MS	ms	1
MSE	mse	1
MSEPT	msept	1
MSN	msn	1
MSO	mso	1
MSR	msr	1
MSST	msst	1
MSVVEIS	msvveis	1
MSWiM	mswim	1
MTAGS	mtags	1
MTDT	mtdt	1
MTSR	mtsr	1
MTV	mtv	1
MUD	mud	1
MUE	mue	1
MUM	mum	1
MVA	mva	1
MVHI	mvhi	1
MW4SOC	mw4 soc	1
MWCN	mwcn	1
NAACL	naacl	1
NaBIC	nabic	1
NAS	nas	1
NATW	natw	1
NBiS	nbis	1
NCA	nca	1
NCM	ncm	1
NCMA	ncma	1
NCTA	ncta	1
NDSS	ndss	1
NDT	ndt	1
NEMS	nems	1
NESEA	nesea	1
NetCoM	netcom	1
NETGAMES	netgames	1
NEUROTECHNIX	neurotechnix	1
NEW2AN	new2 an	1
NFM	nfm	1
NGI	ngi	1
NGITS	ngits	1
NGMAST	ngmast	1
NICSO	nicso	1
NIME	nime	1
NIPS	nips	1
NLDB	nldb	1
NLG	nlg	1
NLP	nlp	1
NLPCS	nlpcs	1
NLPKE	nlpke	1
NMR	nmr	1
NOCS	nocs	1
NOLISP	nolisp	1
NOMS	noms	1
NordiCHI	nordichi	1
NordSec	nordsec	1
NOSSDAV	nossdav	1
NPAR	npar	1
NPC	npc	1
NSDI	nsdi	1
NSPW	nspw	1
NSS	nss	1
NTII	ntii	1
NTMS	ntms	1
ODBIS	odbis	1
OM	om	1
OMBI	ombi	1
ONDM	ondm	1
ONISW	onisw	1
ONTOSE	ontose	1
OOPSLA	oopsla	1
OPODIS	opodis	1
OPTICS	optics	1
OSDI	osdi	1
OSS	oss	1
OWLED	owled	1
OZCHI	ozchi	1
P2P	p2 p	1
PAAMS	paams	1
PACCS	paccs	1
PacificVis	pacificvis	1
PACIIA	paciia	1
PACIS	pacis	1
PACLIC	paclic	1
PaCT	pact	1
PACT	pact	1
PADL	padl	1
PADS	pads	1
PaIR	pair	1
PAISI	paisi	1
PAKDD	pakdd	1
PAKM	pakm	1
PAM	pam	1
PARCO	parco	1
PARELEC	parelec	1
PASCO	pasco	1
PASSAT	passat	1
PASTE	paste	1
PATMOS	patmos	1
PAVLAD	pavlad	1
PCI	pci	1
PCM	pcm	1
PCS	pcs	1
PDC	pdc	1
PDCAT	pdcat	1
PDCCS	pdccs	1
PDCN	pdcn	1
PDCS	pdcs	1
PDP	pdp	1
PDPTA	pdpta	1
PDSW	pdsw	1
PE-WASUN	pe-wasun	1
PECCS	peccs	1
PEPM	pepm	1
PerCom	percom	1
PerDis	perdis	1
Performance	performance	1
PerMIn	permin	1
PERSUASIVE	persuasive	1
Pervasive	pervasive	1
PervasiveHealth	pervasivehealth	1
PETRA	petra	1
Petri Nets	petri nets	1
PETS	pets	1
PG	pg	1
PGM	pgm	1
PHOTOPTICS	photoptics	1
PIKM	pikm	1
PIMRC	pimrc	1
PIT	pit	1
PKAW	pkaw	1
PKC	pkc	1
PKDD	pkdd	1
PLDI	pldi	1
PLPV	plpv	1
PODC	podc	1
PODS	pods	1
PoEM	poem	1
POLICY	policy	1
POPL	popl	1
POST	post	1
PPAM	ppam	1
PPDP	ppdp	1
PPPJ	pppj	1
PPSN	ppsn	1
PQCrypto	pqcrypto	1
PragWeb	pragweb	1
PRDC	prdc	1
PReMI	premi	1
PRESTO	presto	1
PRET	pret	1
PRIB	prib	1
PRICAI	pricai	1
PRIMA	prima	1
PRIS	pris	1
PRO-VE	pro-ve	1
PROFES	profes	1
PROMAS	promas	1
PROMISE	promise	1
PROPER	proper	1
PROPOR	propor	1
ProvSec	provsec	1
PSATS	psats	1
PSB	psb	1
PSC	psc	1
PSD	psd	1
PSDML	psdml	1
PSIVT	psivt	1
PST	pst	1
Q2SWinet	q2 swinet	1
QDB	qdb	1
QEST	qest	1
QI	qi	1
QoMEX	qomex	1
QoSA	qosa	1
QSHINE	qshine	1
QSIC	qsic	1
QuaCon	quacon	1
QuantumComm	quantumcomm	1
QUATIC	quatic	1
RA	ra	1
RAID	raid	1
RAM	ram	1
RAMiCS	ramics	1
RANDOM	random	1
RANLP	ranlp	1
RAW	raw	1
RC	rc	1
RCDL	rcdl	1
RCIS	rcis	1
RE	re	1
REALWSN	realwsn	1
RECOMB	recomb	1
ReConFig	reconfig	1
ReCoSoC	recosoc	1
RecSys	recsys	1
RED	red	1
REFSQ	refsq	1
RFID-TA	rfid-ta	1
RFIDSec	rfidsec	1
RIGiM	rigim	1
RIVF	rivf	1
RO-MAN	ro-man	1
ROBIO	robio	1
ROBOCOMM	robocomm	1
RoboCup	robocup	1
ROBOTIK	robotik	1
ROCLING	rocling	1
RP	rp	1
RR	rr	1
RSKT	rskt	1
RSP	rsp	1
RSS	rss	1
RTA	rta	1
RTAS	rtas	1
RTCSA	rtcsa	1
RTSS	rtss	1
RULE	rule	1
RuleApps	ruleapps	1
RuleML	ruleml	1
ruSMART	rusmart	1
RV	rv	1
RWS	rws	1
S3	s3	1
SAB	sab	1
SAC	sac	1
SAC	sac	1
SACI	saci	1
SACMAT	sacmat	1
SADFE	sadfe	1
SAFECOMP	safecomp	1
SAGT	sagt	1
SAHNS	sahns	1
SAINT	saint	1
SAM	sam	1
SAME	same	1
SAMOS	samos	1
SAMT	samt	1
SARA	sara	1
SAS	sas	1
SASN	sasn	1
SASO	saso	1
SASP	sasp	1
SAT	sat	1
SBAC-PAD	sbac-pad	1
SBBD	sbbd	1
SBCCI	sbcci	1
SBES	sbes	1
SBIA	sbia	1
SBMF	sbmf	1
SBP	sbp	1
SBRN	sbrn	1
SC	sc	1
SC	sc	1
SCA	sca	1
SCAI	scai	1
ScalCom	scalcom	1
SCAM	scam	1
SCC	scc	1
SCCC	sccc	1
SCCG	sccg	1
SCIA	scia	1
SCIS	scis	1
SCN	scn	1
SCOPES	scopes	1
SCSC	scsc	1
SDKB	sdkb	1
SDM	sdm	1
SDM	sdm	1
SE	se	1
SEA	sea	1
SEA	sea	1
SEAA	seaa	1
SEAFOOD	seafood	1
SEAL	seal	1
SEAMS	seams	1
SEC	sec	1
SeCoGIS	secogis	1
SECON	secon	1
SECRYPT	secrypt	1
SecureComm	securecomm	1
SECURWARE	securware	1
SEDE	sede	1
SEFM	sefm	1
SeGAH	segah	1
SEIW	seiw	1
SEKE	seke	1
SEMCCO	semcco	1
SemWiki	semwiki	1
SENSAPPEAL	sensappeal	1
SENSORNETS	sensornets	1
SenSys	sensys	1
SERA	sera	1
SERENE	serene	1
SERVICES	services	1
SETN	setn	1
SETP	setp	1
SEUH	seuh	1
SEUS	seus	1
SEW	sew	1
SFCM	sfcm	1
SG	sg	1
SGDA	sgda	1
SGP	sgp	1
SHARK	shark	1
SIBGRAPI	sibgrapi	1
SIES	sies	1
SIGCOMM	sigcomm	1
SIGCSE	sigcse	1
SIGDOC	sigdoc	1
SIGGRAPH	siggraph	1
SIGIR	sigir	1
SIGITE	sigite	1
SIGMAP	sigmap	1
SIGMETRICS	sigmetrics	1
SIGMOD	sigmod	1
SIIT	siit	1
SIMPAR	simpar	1
SIMPLEX	simplex	1
SIMULTECH	simultech	1
SimuTools	simutools	1
SIN	sin	1
SIP	sip	1
SIPEW	sipew	1
SiPS	sips	1
SISAP	sisap	1
SITIS	sitis	1
SKG	skg	1
SLATE	slate	1
SLE	sle	1
SLIP	slip	1
SLT	slt	1
SMARTGREENS	smartgreens	1
SMBM	smbm	1
SMC	smc	1
SMI	smi	1
SMPS	smps	1
SN	sn	1
SNA	sna	1
SNAKDD	snakdd	1
SNPD	snpd	1
SNS	sns	1
SOCA	soca	1
SoCC	socc	1
SoCC	socc	1
SoCG	socg	1
SocialCom	socialcom	1
SocInfo	socinfo	1
SOCO	soco	1
SoCPaR	socpar	1
SocProS	socpros	1
SOCS	socs	1
SODA	soda	1
SOFSEM	sofsem	1
SOFTVIS	softvis	1
SoICT	soict	1
SoMeT	somet	1
SOSE	sose	1
SOSP	sosp	1
SOUPS	soups	1
SPAA	spaa	1
SPattern	spattern	1
SPCC	spcc	1
SPeL	spel	1
SPICE	spice	1
SPIRE	spire	1
SPLASH	splash	1
SPLC	splc	1
SPM	spm	1
SpringSim	springsim	1
SRDS	srds	1
SSBSE	ssbse	1
SSDBM	ssdbm	1
SSIAI	ssiai	1
SSIRI	ssiri	1
SSM	ssm	1
SSME	ssme	1
SSTD	sstd	1
SSV	ssv	1
SSVM	ssvm	1
STACS	stacs	1
STAIRS	stairs	1
STC	stc	1
STM	stm	1
STOC	stoc	1
Stringology	stringology	1
SUM	sum	1
SUTC	sutc	1
SWAE	swae	1
SWAP	swap	1
SWAT	swat	1
SWAT4LS	swat4 ls	1
SWPM	swpm	1
SWQD	swqd	1
SWS	sws	1
SWSM	swsm	1
SwSTE	swste	1
SYNASC	synasc	1
SYRCoDIS	syrcodis	1
SYSTOR	systor	1
TABLEAUX	tableaux	1
Tabletop	tabletop	1
TACAS	tacas	1
TADA	tada	1
TAMC	tamc	1
TAMoCo	tamoco	1
TAMODIA	tamodia	1
TAP	tap	1
TAPAS	tapas	1
TARK	tark	1
TAROS	taros	1
TASE	tase	1
TbiLLC	tbillc	1
TCC	tcc	1
TCoB	tcob	1
TCS	tcs	1
TDM	tdm	1
TEAR	tear	1
TEI	tei	1
TestCom	testcom	1
TextGraphs	textgraphs	1
TFP	tfp	1
TGC	tgc	1
TIME	time	1
TIR	tir	1
TKE	tke	1
TLCA	tlca	1
TLDI	tldi	1
TMA	tma	1
TMFCS	tmfcs	1
TMRA	tmra	1
TOOLS	tools	1
TPCTC	tpctc	1
TPDL	tpdl	1
TQC	tqc	1
TRECVID	trecvid	1
TRIDENTCOM	tridentcom	1
TRUST	trust	1
TRUST	trust	1
TrustBus	trustbus	1
TSD	tsd	1
TSP	tsp	1
TYPES	types	1
UAI	uai	1
UbiComp	ubicomp	1
UCC	ucc	1
UCHPC	uchpc	1
UCMedia	ucmedia	1
UCS	ucs	1
UDM	udm	1
UIC	uic	1
UIST	uist	1
UKSim	uksim	1
UMAP	umap	1
UPGRADE-CN	upgrade-cn	1
URSW	ursw	1
USAB	usab	1
UTP	utp	1
UWSI	uwsi	1
VALUETOOLS	valuetools	1
VaMoS	vamos	1
VAST	vast	1
VCBM	vcbm	1
VCIP	vcip	1
VDA	vda	1
VDAT	vdat	1
VECIMS	vecims	1
VECPAR	vecpar	1
VEE	vee	1
VHPC	vhpc	1
VISA	visa	1
VISAPP	visapp	1
VISIGRAPP	visigrapp	1
VISM	vism	1
VISSOFT	vissoft	1
VizSEC	vizsec	1
VLDB	vldb	1
VLSI-SOC	vlsi-soc	1
VLSID	vlsid	1
VMCAI	vmcai	1
VMIL	vmil	1
VMV	vmv	1
VNC	vnc	1
VR	vr	1
VRCAI	vrcai	1
VRIC	vric	1
VRIPHYS	vriphys	1
VRST	vrst	1
VS-GAMES	vs-games	1
VSMM	vsmm	1
VSTTE	vstte	1
VTC	vtc	1
VTS	vts	1
W2GIS	w2 gis	1
W4A	w4 a	1
WABI	wabi	1
WACV	wacv	1
WADS	wads	1
WADT	wadt	1
WAFR	wafr	1
WAIFI	waifi	1
WAIM	waim	1
WALCOM	walcom	1
WAOA	waoa	1
WASA	wasa	1
WASPAA	waspaa	1
WAW	waw	1
WBC	wbc	1
WBIR	wbir	1
WCAE	wcae	1
WCCE	wcce	1
WCCI	wcci	1
WCE	wce	1
WCET	wcet	1
WCNC	wcnc	1
WCNIS	wcnis	1
WCPS	wcps	1
WCRE	wcre	1
WEB	web	1
Web3D	web3 d	1
WebDB	webdb	1
WEBIST	webist	1
WebKDD	webkdd	1
WebMedia	webmedia	1
WebPRES	webpres	1
WebS	webs	1
WEIS	weis	1
WEISE	weise	1
WEIT	weit	1
WER	wer	1
WETICE	wetice	1
WFLP	wflp	1
WG	wg	1
WH	wh	1
WHC	whc	1
WHPCF	whpcf	1
WI	wi	1
WIAMIS	wiamis	1
WICON	wicon	1
WICOW	wicow	1
WICSA	wicsa	1
WIDM	widm	1
WILF	wilf	1
WiMAN	wiman	1
WiMob	wimob	1
WIMS	wims	1
WINE	wine	1
WINSYS	winsys	1
WiOpt	wiopt	1
WIRN	wirn	1
WISA	wisa	1
WISE	wise	1
WISEC	wisec	1
WISES	wises	1
WISM	wism	1
WISM	wism	1
WISTP	wistp	1
WITS	wits	1
WKDD	wkdd	1
WLIAMAS	wliamas	1
WLP	wlp	1
WLPE	wlpe	1
WM	wm	1
WMuNeP	wmunep	1
WMUTE	wmute	1
WOC	woc	1
WOCC	wocc	1
WOCN	wocn	1
WoLLIC	wollic	1
WoMO	womo	1
WONS	wons	1
WORKS	works	1
WOSIS	wosis	1
WOSN	wosn	1
WOSP	wosp	1
WoT	wot	1
WoWMoM	wowmom	1
WPES	wpes	1
WPMC	wpmc	1
WPNC	wpnc	1
WREN	wren	1
WRLA	wrla	1
WS-FM	ws-fm	1
WS-REST	ws-rest	1
WSC	wsc	1
WSC	wsc	1
WSCG	wscg	1
WSDM	wsdm	1
WSE	wse	1
WSKS	wsks	1
WSOM	wsom	1
WWIC	wwic	1
WWV	wwv	1
WWW	www	1
XIME-P	xime-p	1
XP	xp	1
XSym	xsym	1
ZEUS	zeus	1
