twitter	twitter	1
katyperry	katyperry	1
justinbieber	justinbieber	1
taylorswift13	taylorswift13	1
rihanna	rihanna	1
ladygaga	ladygaga	1
jtimberlake	jtimberlake	1
theellenshow	theellenshow	1
britneyspears	britneyspears	1
cristiano	cristiano	1
kimkardashian	kimkardashian	1
katyperry	katyperry	1
justinbieber	justinbieber	1
taylorswift13	taylorswift13	1
rihanna	rihanna	1
ladygaga	ladygaga	1
jtimberlake	jtimberlake	1
theellenshow	theellenshow	1
britneyspears	britneyspears	1
cristiano	cristiano	1
kimkardashian	kimkardashian	1
shakira	shakira	1
selenagomez	selenagomez	1
jlo	jlo	1
arianagrande	arianagrande	1
ddlovato	ddlovato	1
jimmyfallon	jimmyfallon	1
oprah	oprah	1
pink	pink	1
drake	drake	1
harry_styles	harry_styles	1
onedirection	onedirection	1
billgates	billgates	1
kingjames	kingjames	1
liltunechi	liltunechi	1
brunomars	brunomars	1
kaka	kaka	1
adele	adele	1
niallofficial	niallofficial	1
mileycyrus	mileycyrus	1
aliciakeys	aliciakeys	1
kevinhart4real	kevinhart4 real	1
wizkhalifa	wizkhalifa	1
pitbull	pitbull	1
real_liam_payne	real_liam_payne	1
louis_tomlinson	louis_tomlinson	1
nickiminaj	nickiminaj	1
neymarjr	neymarjr	1
eminem	eminem	1
emwatson	emwatson	1
avrillavigne	avrillavigne	1
actuallynph	actuallynph	1
danieltosh	danieltosh	1
davidguetta	davidguetta	1
conanobrien	conanobrien	1
srbachchan	srbachchan	1
aplusk	aplusk	1
khloekardashian	khloekardashian	1
kourtneykardash	kourtneykardash	1
zaynmalik	zaynmalik	1
iamsrk	iamsrk	1
coldplay	coldplay	1
mariahcarey	mariahcarey	1
edsheeran	edsheeran	1
xtina	xtina	1
jimcarrey	jimcarrey	1
kanyewest	kanyewest	1
chrisbrown	chrisbrown	1
aamir_khan	aamir_khan	1
beingsalmankhan	beingsalmankhan	1
agnezmo	agnezmo	1
beyonce	beyonce	1
blakeshelton	blakeshelton	1
ryanseacrest	ryanseacrest	1
ivetesangalo	ivetesangalo	1
leodicaprio	leodicaprio	1
parishilton	parishilton	1
iamwill	iamwill	1
mohamadalarefe	mohamadalarefe	1
kendalljenner	kendalljenner	1
ashleytisdale	ashleytisdale	1
tyrabanks	tyrabanks	1
snoopdogg	snoopdogg	1
alejandrosanz	alejandrosanz	1
ricky_martin	ricky_martin	1
simoncowell	simoncowell	1
waynerooney	waynerooney	1
kdtrey5	kdtrey5	1
maroon5	maroon5	1
radityadika	radityadika	1
kyliejenner	kyliejenner	1
claudialeitte	claudialeitte	1
danilogentili	danilogentili	1
shugairi	shugairi	1
marcosmion	marcosmion	1
deepikapadukone	deepikapadukone	1
stephenfry	stephenfry	1
charliesheen	charliesheen	1
andresiniesta8	andresiniesta8	1
ihrithik	ihrithik	1
priyankachopra	priyankachopra	1
lucianohuck	lucianohuck	1
zacefron	zacefron	1
carlyraejepsen	carlyraejepsen	1
rustyrockets	rustyrockets	1
juanes	juanes	1
paurubio	paurubio	1
iamdiddy	iamdiddy	1
ludacris	ludacris	1
shaq	shaq	1
paulocoelho	paulocoelho	1
sabrinasatoreal	sabrinasatoreal	1
kelly_clarkson	kelly_clarkson	1
tomhanks	tomhanks	1
dr_alqarnee	dr_alqarnee	1
usher	usher	1
akshaykumar	akshaykumar	1
lunamaya26	lunamaya26	1
rickygervais	rickygervais	1
mesutozil1088	mesutozil1088	1
sherinasinna	sherinasinna	1
cmylmz	cmylmz	1
nickjonas	nickjonas	1
xabialonso	xabialonso	1
therock	therock	1
enrique305	enrique305	1
stephenathome	stephenathome	1
aguerosergiokun	aguerosergiokun	1
victoriajustice	victoriajustice	1
falcao	falcao	1
lindsaylohan	lindsaylohan	1
arrahman	arrahman	1
austinmahone	austinmahone	1
victoriabeckham	victoriabeckham	1
jamesdrodriguez	jamesdrodriguez	1
treysongz	treysongz	1
sofiavergara	sofiavergara	1
jessicaalba	jessicaalba	1
rafaelnadal	rafaelnadal	1
rafinhabastos	rafinhabastos	1
daddy_yankee	daddy_yankee	1
afgansyah_reza	afgansyah_reza	1
anahi	anahi	1
lmfao	lmfao	1
realwbonner	realwbonner	1
imvkohli	imvkohli	1
jessiej	jessiej	1
vidialdiano	vidialdiano	1
annecurtissmith	annecurtissmith	1
sachin_rt	sachin_rt	1
marcelotas	marcelotas	1
mishari_alafasy	mishari_alafasy	1
carles5puyol	carles5 puyol	1
sethmacfarlane	sethmacfarlane	1
thalia	thalia	1
marcanthony	marcanthony	1
cesc4official	cesc4 official	1
50cent	50 cent	1
pharrell	pharrell	1
joejonas	joejonas	1
bigsean	bigsean	1
azizansari	azizansari	1
kobebryant	kobebryant	1
davidbisbal	davidbisbal	1
juniorbachchan	juniorbachchan	1
tatawerneck	tatawerneck	1
channingtatum	channingtatum	1
persie_official	persie_official	1
sonamakapoor	sonamakapoor	1
codysimpson	codysimpson	1
luisfonsi	luisfonsi	1
marcoluque	marcoluque	1
davidluiz_4	davidluiz_4	1
garethbale11	garethbale11	1
johncena	johncena	1
eugenioderbez	eugenioderbez	1
jcolenc	jcolenc	1
elissakh	elissakh	1
mirandacosgrove	mirandacosgrove	1
johnlegend	johnlegend	1
evalongoria	evalongoria	1
salman_alodah	salman_alodah	1
karanjohar	karanjohar	1
guaje7villa	guaje7 villa	1
cherlloyd	cherlloyd	1
jessicasimpson	jessicasimpson	1
nancyajram	nancyajram	1
spideranderson	spideranderson	1
montanertwiter	montanertwiter	1
littlemix	littlemix	1
carmeloanthony	carmeloanthony	1
sarahksilverman	sarahksilverman	1
shahidkapoor	shahidkapoor	1
tyga	tyga	1
chespiritorgb	chespiritorgb	1
snooki	snooki	1
cuervotinelli	cuervotinelli	1
iamqueenlatifah	iamqueenlatifah	1
zooeydeschanel	zooeydeschanel	1
simonpegg	simonpegg	1
raffiahmadlagi	raffiahmadlagi	1
neyocompound	neyocompound	1
calvinharris	calvinharris	1
richardbranson	richardbranson	1
ciara	ciara	1
stevemartintogo	stevemartintogo	1
ollyofficial	ollyofficial	1
danialvesd2	danialvesd2	1
kellyrowland	kellyrowland	1
fearnecotton	fearnecotton	1
rioferdy5	rioferdy5	1
floydmayweather	floydmayweather	1
luke5sos	luke5 sos	1
shireensungkar	shireensungkar	1
jedarcantik	jedarcantik	1
andersoncooper	andersoncooper	1
mtlovenhoney	mtlovenhoney	1
fabioporchat	fabioporchat	1
faroutakhtar	faroutakhtar	1
jennettemccurdy	jennettemccurdy	1
gusttavo_lima	gusttavo_lima	1
bellathorne	bellathorne	1
pittyleone	pittyleone	1
hollywills	hollywills	1
juanluisguerra	juanluisguerra	1
tip	tip	1
perezhilton	perezhilton	1
dwighthoward	dwighthoward	1
chayannemusic	chayannemusic	1
ricardo_arjona	ricardo_arjona	1
aliaa08	aliaa08	1
vicegandako	vicegandako	1
zendaya	zendaya	1
dulcemaria	dulcemaria	1
oceara	oceara	1
iansomerhalder	iansomerhalder	1
krisjenner	krisjenner	1
jimmykimmel	jimmykimmel	1
realhughjackman	realhughjackman	1
luansantana	luansantana	1
iggyazalea	iggyazalea	1
galileamontijo	galileamontijo	1
anushkasharma	anushkasharma	1
robkardashian	robkardashian	1
akon	akon	1
jason_mraz	jason_mraz	1
ninadobrev	ninadobrev	1
omarchaparro	omarchaparro	1
sergioramos	sergioramos	1
rodrigovesgo	rodrigovesgo	1
lanadelrey	lanadelrey	1
sonakshisinha	sonakshisinha	1
mascherano	mascherano	1
chetan_bhagat	chetan_bhagat	1
calum5sos	calum5 sos	1
ch14_	ch14 _	1
jk_rowling	jk_rowling	1
official_flo	official_flo	1
chelseahandler	chelseahandler	1
atademirer	atademirer	1
scottdisick	scottdisick	1
cherylofficial	cherylofficial	1
officialjaden	officialjaden	1
luissuarez9	luissuarez9	1
parineetichopra	parineetichopra	1
robertdowneyjr	robertdowneyjr	1
g_higuain	g_higuain	1
jimmycarr	jimmycarr	1
tomcruise	tomcruise	1
kendricklamar	kendricklamar	1
serenawilliams	serenawilliams	1
residente	residente	1
adamlevine	adamlevine	1
carlosloret	carlosloret	1
jeremyclarkson	jeremyclarkson	1
ahickmann	ahickmann	1
talhabeeb	talhabeeb	1
vanessahudgens	vanessahudgens	1
tareqalsuwaidan	tareqalsuwaidan	1
jkcorden	jkcorden	1
michael5sos	michael5 sos	1
elliegoulding	elliegoulding	1
camerondallas	camerondallas	1
lopezdoriga	lopezdoriga	1
drbassemyoussef	drbassemyoussef	1
thekiranbedi	thekiranbedi	1
raisa6690	raisa6690	1
lilyallen	lilyallen	1
anupampkher	anupampkher	1
michelleobama	michelleobama	1
maryjblige	maryjblige	1
oserginho	oserginho	1
justdemi	justdemi	1
bernardokath	bernardokath	1
samuelljackson	samuelljackson	1
nicolescherzy	nicolescherzy	1
bep	bep	1
ahlam_alshamsi	ahlam_alshamsi	1
okanbayulgen	okanbayulgen	1
indonesiainlove	indonesiainlove	1
amrkhaled	amrkhaled	1
meekmill	meekmill	1
antanddec	antanddec	1
casillasworld	casillasworld	1
ritaora	ritaora	1
lulopilato	lulopilato	1
fiuk	fiuk	1
nickcannon	nickcannon	1
bepe20s	bepe20 s	1
sandyleah	sandyleah	1
mirandalambert	mirandalambert	1
angelluisr	angelluisr	1
nashgrier	nashgrier	1
bclsinclair	bclsinclair	1
redhourben	redhourben	1
demetakalin	demetakalin	1
yengpluggedin	yengpluggedin	1
mindykaling	mindykaling	1
lukebryanonline	lukebryanonline	1
siwon407	siwon407	1
macmiller	macmiller	1
d_degea	d_degea	1
juanmata8	juanmata8	1
tigerwoods	tigerwoods	1
miketyson	miketyson	1
lennykravitz	lennykravitz	1
kevinjonas	kevinjonas	1
jonahhill	jonahhill	1
dwyanewade	dwyanewade	1
nicolerichie	nicolerichie	1
linkinpark	linkinpark	1
hilaryduff	hilaryduff	1
imraina	imraina	1
rntata2000	rntata2000	1
ariyoshihiroiki	ariyoshihiroiki	1
ibgdrgn	ibgdrgn	1
annakendrick47	annakendrick47	1
alancarr	alancarr	1
sectorkekz	sectorkekz	1
wossy	wossy	1
lucyhale	lucyhale	1
bridgitmendler	bridgitmendler	1
donghae861015	donghae861015	1
johncleese	johncleese	1
souljaboy	souljaboy	1
princeroyce	princeroyce	1
tiagoleifert	tiagoleifert	1
carrieunderwood	carrieunderwood	1
jesseyjoy	jesseyjoy	1
yokoono	yokoono	1
olla_ramlan	olla_ramlan	1
djokernole	djokernole	1
gabyespino	gabyespino	1
bellaudyaa	bellaudyaa	1
tyleroakley	tyleroakley	1
johngreen	johngreen	1
billsimmons	billsimmons	1
diegoforlan7	diegoforlan7	1
llcoolj	llcoolj	1
facufacundo	facufacundo	1
msleamichele	msleamichele	1
iamsuperbianca	iamsuperbianca	1
msdhoni	msdhoni	1
piersmorgan	piersmorgan	1
skrillex	skrillex	1
virendersehwag	virendersehwag	1
jorgeemateus	jorgeemateus	1
gitagut	gitagut	1
lord_sugar	lord_sugar	1
monsieurdream	monsieurdream	1
cp3	cp3	1
iamjamiefoxx	iamjamiefoxx	1
irfanbachdim10	irfanbachdim10	1
kc_concepcion	kc_concepcion	1
imdanielpadilla	imdanielpadilla	1
gadelmaleh	gadelmaleh	1
marcelom12	marcelom12	1
micheltelo	micheltelo	1
salehalmoghamsy	salehalmoghamsy	1
luckymanzano	luckymanzano	1
yelyahwilliams	yelyahwilliams	1
donomar	donomar	1
stevecarell	stevecarell	1
neiltyson	neiltyson	1
wisinyyandel	wisinyyandel	1
noelschajris	noelschajris	1
revrunwisdom	revrunwisdom	1
sandradewi88	sandradewi88	1
amrdiab	amrdiab	1
shawnmendes	shawnmendes	1
syntekoficial	syntekoficial	1
adelalibinali	adelalibinali	1
felipeneto	felipeneto	1
polo_polo	polo_polo	1
gloriatrevi	gloriatrevi	1
thevijaymallya	thevijaymallya	1
ashton5sos	ashton5 sos	1
wale	wale	1
chinoynacho	chinoynacho	1
riteishd	riteishd	1
reallamarodom	reallamarodom	1
pretagil	pretagil	1
tomcavalcante1	tomcavalcante1	1
randyorton	randyorton	1
djkingassassin	djkingassassin	1
gadiiing	gadiiing	1
djpaulyd	djpaulyd	1
luceromexico	luceromexico	1
paulitachaves	paulitachaves	1
kevinspacey	kevinspacey	1
ozzyosbourne	ozzyosbourne	1
adamschefter	adamschefter	1
garylineker	garylineker	1
vhongx44	vhongx44	1
_cristinereyes_	_ cristinereyes _	1
jordinsparks	jordinsparks	1
juliaperrez	juliaperrez	1
rainnwilson	rainnwilson	1
silagencoglu	silagencoglu	1
queenrania	queenrania	1
hulyavsar	hulyavsar	1
najwakaram	najwakaram	1
1victorvaldes	1 victorvaldes	1
debbouzejamel	debbouzejamel	1
montesjulia	montesjulia	1
hazardeden10	hazardeden10	1
ajaydevgn	ajaydevgn	1
indrabektiasli	indrabektiasli	1
mirandakerr	mirandakerr	1
fayez_malki	fayez_malki	1
angelicaksy	angelicaksy	1
garybarlow	garybarlow	1
theshilpashetty	theshilpashetty	1
aristeguicnn	aristeguicnn	1
billcosby	billcosby	1
tonyhawk	tonyhawk	1
noaheverett	noaheverett	1
andrealegarreta	andrealegarreta	1
tylerperry	tylerperry	1
julietav	julietav	1
bipsluvurself	bipsluvurself	1
psy_oppa	psy_oppa	1
caradelevingne	caradelevingne	1
galifianakisz	galifianakisz	1
nelly_mo	nelly_mo	1
debbyryan	debbyryan	1
kellyosbourne	kellyosbourne	1
yordirosado	yordirosado	1
eddieizzard	eddieizzard	1
kapilsharmak9	kapilsharmak9	1
cuneytozdemir	cuneytozdemir	1
joelosteen	joelosteen	1
dylanobrien	dylanobrien	1
diegotorres	diegotorres	1
kerihilson	kerihilson	1
yilmazerdogan	yilmazerdogan	1
realpreityzinta	realpreityzinta	1
rogerfederer	rogerfederer	1
lordemusic	lordemusic	1
greenday	greenday	1
pocholavezzi	pocholavezzi	1
carlosvives	carlosvives	1
jackwhitehall	jackwhitehall	1
alyankovic	alyankovic	1
alexoficial	alexoficial	1
jenna_marbles	jenna_marbles	1
maiteoficial	maiteoficial	1
shreyaghoshal	shreyaghoshal	1
lauragii	lauragii	1
raghebalama	raghebalama	1
wyclef	wyclef	1
alwaleed_talal	alwaleed_talal	1
scooterbraun	scooterbraun	1
adela_micha	adela_micha	1
tiesto	tiesto	1
paramore	paramore	1
apriliokevin	apriliokevin	1
ashbenzo	ashbenzo	1
urgantcom	urgantcom	1
normandesvideos	normandesvideos	1
iyavillania	iyavillania	1
usainbolt	usainbolt	1
lancearmstrong	lancearmstrong	1
paulwesley	paulwesley	1
luischataing	luischataing	1
aarbeloa17	aarbeloa17	1
paulpierce34	paulpierce34	1
hitrecordjoe	hitrecordjoe	1
hamzanamira	hamzanamira	1
madhuridixit	madhuridixit	1
iamjhud	iamjhud	1
mcuban	mcuban	1
droz	droz	1
belindapop	belindapop	1
joycemeyer	joycemeyer	1
valeyellow46	valeyellow46	1
poconggg	poconggg	1
gulbenergen	gulbenergen	1
therealtaraji	therealtaraji	1
elbaradei	elbaradei	1
jimjonescapo	jimjonescapo	1
abdulrahman	abdulrahman	1
joelmchale	joelmchale	1
jaimecamil	jaimecamil	1
acunilicali	acunilicali	1
alinebarros	alinebarros	1
luisnani	luisnani	1
officialwillow	officialwillow	1
ahmethc	ahmethc	1
bigtimerush	bigtimerush	1
_pedro17_	_ pedro17 _	1
samsmithworld	samsmithworld	1
schofe	schofe	1
pamyurin	pamyurin	1
emilyosment	emilyosment	1
itsenriquegil	itsenriquegil	1
samuelmilby	samuelmilby	1
finallymario	finallymario	1
dollyparton	dollyparton	1
chrismoyles	chrismoyles	1
bradpaisley	bradpaisley	1
freddyamazin	freddyamazin	1
francodvita	francodvita	1
haifawehbe	haifawehbe	1
dannydevito	dannydevito	1
robdyrdek	robdyrdek	1
jenniwoww	jenniwoww	1
mangeshkarlata	mangeshkarlata	1
paulafernandes7	paulafernandes7	1
princessyahrini	princessyahrini	1
jasonderulo	jasonderulo	1
zoetheband	zoetheband	1
brunogagliasso	brunogagliasso	1
schwarzenegger	schwarzenegger	1
brumarquezine	brumarquezine	1
joshdevinedrums	joshdevinedrums	1
pedroalfonsoo	pedroalfonsoo	1
kesharose	kesharose	1
unclerush	unclerush	1
jaketaustin	jaketaustin	1
officialtulisa	officialtulisa	1
eleanorjcalder	eleanorjcalder	1
ochocinco	ochocinco	1
chrisrock	chrisrock	1
sneijder101010	sneijder101010	1
seankingston	seankingston	1
brozoxmiswebs	brozoxmiswebs	1
muratboz	muratboz	1
vjdaniel	vjdaniel	1
jamesfrancotv	jamesfrancotv	1
amandabynes	amandabynes	1
fepaesleme	fepaesleme	1
jessicacediel	jessicacediel	1
anamariabraga	anamariabraga	1
mchammer	mchammer	1
giseleofficial	giseleofficial	1
fergie	fergie	1
fonseca	fonseca	1
dumbassgenius	dumbassgenius	1
mrsayudewi	mrsayudewi	1
battalalgoos	battalalgoos	1
nellyfurtado	nellyfurtado	1
kuyakim_atienza	kuyakim_atienza	1
nikkigil	nikkigil	1
maddow	maddow	1
questlove	questlove	1
erikadlv	erikadlv	1
romeosantospage	romeosantospage	1
yuvstrong12	yuvstrong12	1
traviemccoy	traviemccoy	1
laurenconrad	laurenconrad	1
caiocastro	caiocastro	1
thiaguinhocomth	thiaguinhocomth	1
ahmtkural	ahmtkural	1
titi_kamall	titi_kamall	1
realvolya	realvolya	1
rialjorge	rialjorge	1
brookeburke	brookeburke	1
mrpeterandre	mrpeterandre	1
tonikroos	tonikroos	1
mustafaceceli	mustafaceceli	1
samialjaber	samialjaber	1
giulianarancic	giulianarancic	1
shfly3424	shfly3424	1
lopezandres	lopezandres	1
joeyessex_	joeyessex _	1
heidiklum	heidiklum	1
lala	lala	1
gemmaannestyles	gemmaannestyles	1
mustafa_agha	mustafa_agha	1
robertsemma	robertsemma	1
bustarhymes	bustarhymes	1
manomenezes	manomenezes	1
nathanfillion	nathanfillion	1
pattiemallette	pattiemallette	1
themattespinosa	themattespinosa	1
waleedalfarraj	waleedalfarraj	1
cerati	cerati	1
myfabolouslife	myfabolouslife	1
blakegriffin32	blakegriffin32	1
danawhite	danawhite	1
espinozaoficial	espinozaoficial	1
khunnie0624	khunnie0624	1
sethrogen	sethrogen	1
andy_murray	andy_murray	1
johnbishop100	johnbishop100	1
laliespos	laliespos	1
corbuzier	corbuzier	1
ceracoat	ceracoat	1
davidkwilliams	davidkwilliams	1
michkeegan	michkeegan	1
slash	slash	1
deadmau5	deadmau5	1
missa_suzy	missa_suzy	1
pbial	pbial	1
brunoierullo	brunoierullo	1
noah_id	noah_id	1
themichaelowen	themichaelowen	1
drakebell	drakebell	1
anselelgort	anselelgort	1
sarabareilles	sarabareilles	1
mpofficial	mpofficial	1
tbambino	tbambino	1
isco_alarcon	isco_alarcon	1
vigilanteartist	vigilanteartist	1
manuel_neuer	manuel_neuer	1
kevadamsss	kevadamsss	1
sethmeyers	sethmeyers	1
andreasernatv	andreasernatv	1
special1004	special1004	1
janetjackson	janetjackson	1
paugasol	paugasol	1
billmaher	billmaher	1
jbalvin	jbalvin	1
rolaworld	rolaworld	1
s_c_	s_c _	1
vinnyguadagnino	vinnyguadagnino	1
msleasalonga	msleasalonga	1
jack	jack	1
manuginobili	manuginobili	1
ilovegeorgina	ilovegeorgina	1
jackybrv	jackybrv	1
tyrese	tyrese	1
reikmx	reikmx	1
danecook	danecook	1
jerryseinfeld	jerryseinfeld	1
geneliad	geneliad	1
d_copperfield	d_copperfield	1
realtracymorgan	realtracymorgan	1
drdrew	drdrew	1
marley_ok	marley_ok	1
andreolifelipe	andreolifelipe	1
1loganhenderson	1 loganhenderson	1
ibra_official	ibra_official	1
handeyener	handeyener	1
smosh	smosh	1
rickyrozay	rickyrozay	1
caitlyn_jenner	caitlyn_jenner	1
common	common	1
susoelpaspi	susoelpaspi	1
huryazarlar	huryazarlar	1
darealamberrose	darealamberrose	1
asli_jacqueline	asli_jacqueline	1
benzema	benzema	1
marthastewart	marthastewart	1
jamesmaslow	jamesmaslow	1
lafouine78	lafouine78	1
oscar8	oscar8	1
su_gimenez	su_gimenez	1
davidhenrie	davidhenrie	1
caspar_lee	caspar_lee	1
steveaoki	steveaoki	1
boakwon	boakwon	1
verabrezhneva	verabrezhneva	1
daniellepeazer	daniellepeazer	1
jharden13	jharden13	1
shrutihaasan	shrutihaasan	1
joey7barton	joey7 barton	1
mirzasania	mirzasania	1
steveaustinbsr	steveaustinbsr	1
krungy21	krungy21	1
ninagarcia	ninagarcia	1
farisf9	farisf9	1
imaginedragons	imaginedragons	1
hayesgrier	hayesgrier	1
ryeong9	ryeong9	1
albertociurana	albertociurana	1
shaymitch	shaymitch	1
mynameisrossa	mynameisrossa	1
troyesivan	troyesivan	1
reggiebush	reggiebush	1
mh_awadi	mh_awadi	1
chinasuarez	chinasuarez	1
metallica	metallica	1
bhogleharsha	bhogleharsha	1
dedesecco	dedesecco	1
jupaesoficial	jupaesoficial	1
gnev2	gnev2	1
stephencurry30	stephencurry30	1
timtebow	timtebow	1
lewishamilton	lewishamilton	1
gio_antonelli	gio_antonelli	1
jhutch1992	jhutch1992	1
torres	torres	1
amrwaked	amrwaked	1
bomanirani	bomanirani	1
lenadunham	lenadunham	1
assihallani	assihallani	1
leighfrancis	leighfrancis	1
williecolon	williecolon	1
flotus	flotus	1
eseryenenler	eseryenenler	1
theweeknd	theweeknd	1
pearljam	pearljam	1
allrisesilver	allrisesilver	1
shawnmichaels	shawnmichaels	1
shitmydadsays	shitmydadsays	1
thevampsband	thevampsband	1
iamsteveharvey	iamsteveharvey	1
abdevilliers17	abdevilliers17	1
erinandrews	erinandrews	1
oscarfilho	oscarfilho	1
sardesairajdeep	sardesairajdeep	1
wilw	wilw	1
prattprattpratt	prattprattpratt	1
itsgabrielleu	itsgabrielleu	1
sertaberener	sertaberener	1
sonunigam	sonunigam	1
lnsanetweets	lnsanetweets	1
jason_aldean	jason_aldean	1
mikasingh	mikasingh	1
chrisevans	chrisevans	1
tonyhsieh	tonyhsieh	1
matsu_bouzu	matsu_bouzu	1
jimmyeatworld	jimmyeatworld	1
markwright_	markwright _	1
cher	cher	1
alyssa_milano	alyssa_milano	1
lisasurihani	lisasurihani	1
lorenzojova	lorenzojova	1
thatkevinsmith	thatkevinsmith	1
mariogoetze	mariogoetze	1
bdutt	bdutt	1
thebeatles	thebeatles	1
kasimf	kasimf	1
sintoniaverso	sintoniaverso	1
javier_alatorre	javier_alatorre	1
axeloficial	axeloficial	1
kadimalsahirorg	kadimalsahirorg	1
niltakipte	niltakipte	1
magicjohnson	magicjohnson	1
bschweinsteiger	bschweinsteiger	1
kp24	kp24	1
buenafuente	buenafuente	1
ashleesimpson	ashleesimpson	1
pabloalboran	pabloalboran	1
ssantiagosegura	ssantiagosegura	1
drdre	drdre	1
katgraham	katgraham	1
elonmusk	elonmusk	1
mark_wahlberg	mark_wahlberg	1
desta80s	desta80 s	1
missyelliott	missyelliott	1
pointlessblog	pointlessblog	1
mariagadu	mariagadu	1
solennheussaff	solennheussaff	1
dennycagur	dennycagur	1
podolski10	podolski10	1
imro45	imro45	1
macklemore	macklemore	1
willylevy29	willylevy29	1
therealmikeepps	therealmikeepps	1
tarkan	tarkan	1
cadieckmann	cadieckmann	1
fannylu	fannylu	1
thekillers	thekillers	1
markhoppus	markhoppus	1
haashoficial	haashoficial	1
germanpaoloski	germanpaoloski	1
lizgillies	lizgillies	1
actorleeminho	actorleeminho	1
notch	notch	1
yalinonline	yalinonline	1
radioleary	radioleary	1
elovera22	elovera22	1
russwest44	russwest44	1
henrylau89	henrylau89	1
trevornoah	trevornoah	1
onerepublic	onerepublic	1
rampalarjun	rampalarjun	1
officialjkt48	officialjkt48	1
thefarahkhan	thefarahkhan	1
ryansheckler	ryansheckler	1
vazqueznico	vazqueznico	1
hardwick	hardwick	1
alvaromorata	alvaromorata	1
kerrywashington	kerrywashington	1
cortezrafa	cortezrafa	1
marceloadnet0	marceloadnet0	1
omar_almulhem	omar_almulhem	1
bethanymota	bethanymota	1
thiago6	thiago6	1
thecarlospena	thecarlospena	1
alfredoflores	alfredoflores	1
jackgilinsky	jackgilinsky	1
carole_samaha	carole_samaha	1
tonyrobbins	tonyrobbins	1
carocruzosorio	carocruzosorio	1
garyvalenciano1	garyvalenciano1	1
kendrawilkinson	kendrawilkinson	1
gordonramsay	gordonramsay	1
henrygayle	henrygayle	1
seppblatter	seppblatter	1
fucktyler	fucktyler	1
kenandogulu	kenandogulu	1
mcilroyrory	mcilroyrory	1
garik2000	garik2000	1
gisel_la	gisel_la	1
realpaulwalker	realpaulwalker	1
yasser_q_y20	yasser_q_y20	1
farrukopr	farrukopr	1
jhongsample	jhongsample	1
drangelocarbone	drangelocarbone	1
flordelav	flordelav	1
ianmckellen	ianmckellen	1
xianlimm	xianlimm	1
samnasri19	samnasri19	1
zairana	zairana	1
deepakchopra	deepakchopra	1
kingsthings	kingsthings	1
anggun_cipta	anggun_cipta	1
icecube	icecube	1
laradutta	laradutta	1
david_lynch	david_lynch	1
laazcarate	laazcarate	1
jeremypiven	jeremypiven	1
fifthharmony	fifthharmony	1
feliciaday	feliciaday	1
shraddhakapoor	shraddhakapoor	1
turkialdakhil	turkialdakhil	1
biz	biz	1
oscardleon	oscardleon	1
tomdaley1994	tomdaley1994	1
chriscolfer	chriscolfer	1
therealac3	therealac3	1
iamjericho	iamjericho	1
jackjackjohnson	jackjackjohnson	1
dbolina	dbolina	1
joeygraceffa	joeygraceffa	1
joe_sugg	joe_sugg	1
katedelcastillo	katedelcastillo	1
masason	masason	1
aaronpaul_8	aaronpaul_8	1
mannypacquiaotr	mannypacquiaotr	1
mslaurenlondon	mslaurenlondon	1
paulmccartney	paulmccartney	1
rossr5	rossr5	1
themandymoore	themandymoore	1
adamlambert	adamlambert	1
anandmahindra	anandmahindra	1
billnye	billnye	1
olaalfares	olaalfares	1
showimah	showimah	1
greysonchance	greysonchance	1
jimgaffigan	jimgaffigan	1
denise_richards	denise_richards	1
stephenasmith	stephenasmith	1
richardhammond	richardhammond	1
ristomejide	ristomejide	1
iqbaale	iqbaale	1
thisisdavina	thisisdavina	1
d_ospina1	d_ospina1	1
emreaydin	emreaydin	1
raphaelvarane	raphaelvarane	1
jalvarezflow	jalvarezflow	1
xtianbautista	xtianbautista	1
carterreynolds	carterreynolds	1
kyrieirving	kyrieirving	1
yosrifouda	yosrifouda	1
iloveruffag	iloveruffag	1
jccaylen	jccaylen	1
shymofficiel	shymofficiel	1
bourdain	bourdain	1
rachelzoe	rachelzoe	1
djkhaled	djkhaled	1
angelicavale	angelicavale	1
jasonsegel	jasonsegel	1
dhikacungkring	dhikacungkring	1
robbiewilliams	robbiewilliams	1
mrjamesmay	mrjamesmay	1
imzaheer	imzaheer	1
lottietommo	lottietommo	1
jackharries	jackharries	1
wandaicardi	wandaicardi	1
heffrondrive	heffrondrive	1
anakarylle	anakarylle	1
elmorenomichael	elmorenomichael	1
jeremybieber	jeremybieber	1
nathankress	nathankress	1
hardwell	hardwell	1
charlottegshore	charlottegshore	1
sarseh	sarseh	1
hadise	hadise	1
s1dharthm	s1 dharthm	1
cyrilhanouna	cyrilhanouna	1
twhiddleston	twhiddleston	1
superstarrajini	superstarrajini	1
manaoficial	manaoficial	1
cmpunk	cmpunk	1
marcusbutler	marcusbutler	1
kojiharunyan	kojiharunyan	1
andrescepeda	andrescepeda	1
pattonoswalt	pattonoswalt	1
tripleh	tripleh	1
jodistamaria	jodistamaria	1
sebastianrulli	sebastianrulli	1
carlosbaute	carlosbaute	1
audrinapatridge	audrinapatridge	1
dannapaola	dannapaola	1
siyovushdustov	siyovushdustov	1
kattpackallday	kattpackallday	1
k_alshenaif	k_alshenaif	1
officialpepe	officialpepe	1
leventuzumcu	leventuzumcu	1
ladyantebellum	ladyantebellum	1
nxzerooficial	nxzerooficial	1
shanewarne	shanewarne	1
adnanalarour	adnanalarour	1
dynamomagician	dynamomagician	1
booba	booba	1
mustafahosny	mustafahosny	1
frenchmontana	frenchmontana	1
keithurban	keithurban	1
xuxameneghel	xuxameneghel	1
cala	cala	1
mariko_dayo	mariko_dayo	1
danimartinezweb	danimartinezweb	1
najwashihab	najwashihab	1
adalramones	adalramones	1
ferrynimous	ferrynimous	1
belalfadl	belalfadl	1
oficialgio	oficialgio	1
mikevick	mikevick	1
woodyinho	woodyinho	1
bobsaget	bobsaget	1
tomfelton	tomfelton	1
mrssosbourne	mrssosbourne	1
martingarrix	martingarrix	1
stevenash	stevenash	1
omeshomesh	omeshomesh	1
jotaquest	jotaquest	1
mariashriver	mariashriver	1
esmuellert_	esmuellert _	1
alkohler7kepo	alkohler7 kepo	1
yusuf_mansur	yusuf_mansur	1
vincentkompany	vincentkompany	1
williebosshog	williebosshog	1
stromae	stromae	1
neilhimself	neilhimself	1
moezmasoud	moezmasoud	1
davidspade	davidspade	1
paulaabdul	paulaabdul	1
wwedanielbryan	wwedanielbryan	1
drose	drose	1
fabio_coentrao	fabio_coentrao	1
ayseozyilmazel	ayseozyilmazel	1
alo_oficial	alo_oficial	1
rebelwilson	rebelwilson	1
michaelbuble	michaelbuble	1
robertmarion	robertmarion	1
bonnovanderputt	bonnovanderputt	1
sgokbakar	sgokbakar	1
smoshanthony	smoshanthony	1
luke_brooks	luke_brooks	1
depechemode	depechemode	1
amyschumer	amyschumer	1
craigyferg	craigyferg	1
fatinsl	fatinsl	1
mnzadornov	mnzadornov	1
ayushmannk	ayushmannk	1
birdman5star	birdman5 star	1
danisuzuki	danisuzuki	1
kylieminogue	kylieminogue	1
zedd	zedd	1
sleepinthegardn	sleepinthegardn	1
therealjuicyj	therealjuicyj	1
manugavassi	manugavassi	1
soujorge	soujorge	1
