100likes	100likes	1
10likes	10likes	1
15likes	15likes	1
1d	1d	1
2012	2012	1
2013	2013	1
2014	2014	1
20likes	20likes	1
25likes	25likes	1
30likes	30likes	1
35likes	35likes	1
40likes	40likes	1
45likes	45likes	1
50likes	50likes	1
55likes	55likes	1
5likes	5likes	1
60likes	60likes	1
65likes	65likes	1
70likes	70likes	1
75likes	75likes	1
80likes	80likes	1
85likes	85likes	1
90likes	90likes	1
95likes	95likes	1
abs	abs	1
abstract	abstract	1
accessori	accessori	1
accessories	accessories	1
active	active	1
adidas	adidas	1
adidasfashion	adidasfashion	1
adidasshoes	adidasshoes	1
adobe	adobe	1
adorable	adorable	1
afro	afro	1
afterparty	afterparty	1
alcohol	alcohol	1
all_shots	all_shots	1
amazing	amazing	1
amazingink	amazingink	1
amazingview	amazingview	1
america	america	1
american	american	1
amethist	amethist	1
androidography	androidography	1
animal	animal	1
animales	animales	1
animallover	animallover	1
animallovers	animallovers	1
animals	animals	1
animalsofinstagram	animalsofinstagram	1
antique	antique	1
archidaily	archidaily	1
architect	architect	1
architecture	architecture	1
architecturelovers	architecturelovers	1
architectureporn	architectureporn	1
architectures	architectures	1
architettura	architettura	1
arquitectura	arquitectura	1
art	art	1
arte	arte	1
artist	artist	1
artistic	artistic	1
artists	artists	1
artwork	artwork	1
atlas	atlas	1
author	author	1
autumn	autumn	1
autumnweather	autumnweather	1
awesom	awesom	1
awesome	awesome	1
awesome_hdr	awesome_hdr	1
awesome_shots	awesome_shots	1
awesomevideo	awesomevideo	1
awsome	awsome	1
bab	bab	1
baby	baby	1
babyhorse	babyhorse	1
babys	babys	1
babyshower	babyshower	1
babysis	babysis	1
babysister	babysister	1
babysitting	babysitting	1
babyswag	babyswag	1
back	back	1
backintheday	backintheday	1
backstage	backstage	1
bad	bad	1
bag	bag	1
bags	bags	1
ball	ball	1
band	band	1
bands	bands	1
bandw	bandw	1
bar	bar	1
barrym	barrym	1
basket	basket	1
basketball	basketball	1
basketballneverstops	basketballneverstops	1
bball	bball	1
bbn	bbn	1
be	be	1
beach	beach	1
beachbody	beachbody	1
beachbound	beachbound	1
beachbum	beachbum	1
beachday	beachday	1
beaches	beaches	1
beachhouse	beachhouse	1
beachlife	beachlife	1
beachtime	beachtime	1
beaufiful	beaufiful	1
beauti	beauti	1
beautiful	beautiful	1
beautifulday	beautifulday	1
beautifullife	beautifullife	1
beautifulmorning	beautifulmorning	1
beautifulphoto	beautifulphoto	1
beautifulplace	beautifulplace	1
beautifulscenery	beautifulscenery	1
beautifulshare	beautifulshare	1
beautifultoday	beautifultoday	1
beautifulview	beautifulview	1
beautifulworld	beautifulworld	1
beauty	beauty	1
bed	bed	1
beds	beds	1
bedtime	bedtime	1
beer	beer	1
beers	beers	1
beethoven	beethoven	1
benandjerrys	benandjerrys	1
bendyyogisflow	bendyyogisflow	1
best	best	1
bestfriend	bestfriend	1
bestfriends	bestfriends	1
bestoftheday	bestoftheday	1
better	better	1
bf	bf	1
bff	bff	1
black	black	1
blackandwhite	blackandwhite	1
blancinegre	blancinegre	1
blancoynegro	blancoynegro	1
blanket	blanket	1
blizzard	blizzard	1
blonde	blonde	1
blondehair	blondehair	1
blondgirl	blondgirl	1
blondguy	blondguy	1
bloom	bloom	1
blooms	blooms	1
blossom	blossom	1
blue	blue	1
bluesky	bluesky	1
blush	blush	1
bnw	bnw	1
board	board	1
body	body	1
bodyart	bodyart	1
bogo	bogo	1
book	book	1
books	books	1
bookworm	bookworm	1
boots	boots	1
bored	bored	1
bounce	bounce	1
boy	boy	1
boyfriend	boyfriend	1
boyfriends	boyfriends	1
boys	boys	1
braclet	braclet	1
braid	braid	1
braidideas	braidideas	1
branch	branch	1
branches	branches	1
brand	brand	1
branded	branded	1
brandname	brandname	1
brandon	brandon	1
brandonflowers	brandonflowers	1
brands	brands	1
brandy	brandy	1
brandybabe	brandybabe	1
brandymelville	brandymelville	1
breakfast	breakfast	1
breaststroke	breaststroke	1
britain	britain	1
british	british	1
bro	bro	1
brogues	brogues	1
broken	broken	1
brother	brother	1
brothers	brothers	1
brown	brown	1
brunette	brunette	1
building	building	1
buildinglover	buildinglover	1
buildingporn	buildingporn	1
buildings	buildings	1
buildingstyles_gf	buildingstyles_gf	1
buonapasqua	buonapasqua	1
butterfly	butterfly	1
bw	bw	1
bwbeauty	bwbeauty	1
bw_lover	bw_lover	1
bwoftheday	bwoftheday	1
bw_society	bw_society	1
bwstyles_gf	bwstyles_gf	1
byn	byn	1
c4c	c4c	1
cake	cake	1
cakes	cakes	1
cali	cali	1
california	california	1
can	can	1
cantwait	cantwait	1
capture	capture	1
car	car	1
cardio	cardio	1
cars	cars	1
cash	cash	1
cat	cat	1
catlover	catlover	1
catlovers	catlovers	1
cats	cats	1
catsofinstagram	catsofinstagram	1
catstagram	catstagram	1
cccp	cccp	1
celebrate	celebrate	1
celebration	celebration	1
chanel	chanel	1
chanelbag	chanelbag	1
chanelboy	chanelboy	1
chaneldaily	chaneldaily	1
chaneliman	chaneliman	1
chanellevernis	chanellevernis	1
chanelmademoiselle	chanelmademoiselle	1
chanelmakeup	chanelmakeup	1
chanelwallet	chanelwallet	1
chanelwestcoast	chanelwestcoast	1
chat	chat	1
chesttattoo	chesttattoo	1
children	children	1
chill	chill	1
chilling	chilling	1
chlorine	chlorine	1
chocolate	chocolate	1
christmahanakwanzika	christmahanakwanzika	1
christmas	christmas	1
christmas2015(updateyearasneeded)	christmas2015(updateyearasneeded)	1
christmasblues	christmasblues	1
christmasbook	christmasbook	1
christmascelebration	christmascelebration	1
cities	cities	1
city	city	1
ciudad	ciudad	1
classic	classic	1
classical	classical	1
classy	classy	1
clean	clean	1
clearsky	clearsky	1
clearskys	clearskys	1
climax	climax	1
clothes	clothes	1
clothing	clothing	1
cloud	cloud	1
cloud9	cloud9	1
cloudporn	cloudporn	1
clouds	clouds	1
cloudscape	cloudscape	1
cloud_skye	cloud_skye	1
cloudsporn	cloudsporn	1
cloudstagram	cloudstagram	1
cloudy	cloudy	1
cloudyday	cloudyday	1
cocacola	cocacola	1
cocktails	cocktails	1
coco	coco	1
cocochanel	cocochanel	1
coffee	coffee	1
cold	cold	1
color	color	1
colorful	colorful	1
colour	colour	1
comment	comment	1
comment4comment	comment4comment	1
commentall	commentall	1
commentalways	commentalways	1
commentback	commentback	1
commentbackteam	commentbackteam	1
commentbelow	commentbelow	1
commenter	commenter	1
commenting	commenting	1
commentlike	commentlike	1
commentplease	commentplease	1
comments	comments	1
comments4comments	comments4comments	1
commentsplease	commentsplease	1
commentteam	commentteam	1
composition	composition	1
concealer	concealer	1
concert	concert	1
contests	contests	1
cookies	cookies	1
cool	cool	1
coolhair	coolhair	1
coral	coral	1
coralreef	coralreef	1
cosmetic	cosmetic	1
cosmetics	cosmetics	1
could	could	1
couldlovers	couldlovers	1
coulds	coulds	1
countries	countries	1
country	country	1
countrymap	countrymap	1
couple	couple	1
court	court	1
coverup	coverup	1
craft	craft	1
crazy	crazy	1
crazyclouds	crazyclouds	1
crazytrip	crazytrip	1
creative	creative	1
creepy	creepy	1
crowd	crowd	1
cs6	cs6	1
culturegram	culturegram	1
cupcakes	cupcakes	1
curls	curls	1
curly	curly	1
curlyhair	curlyhair	1
cute	cute	1
cutecate	cutecate	1
cutie	cutie	1
dad	dad	1
dandg	dandg	1
dark	dark	1
date	date	1
dayoff	dayoff	1
dc	dc	1
december	december	1
deckthehalls	deckthehalls	1
decorate	decorate	1
decorating	decorating	1
decoration	decoration	1
deepsleep	deepsleep	1
delicious	delicious	1
denver	denver	1
design	design	1
designed	designed	1
designer	designer	1
designs	designs	1
dessert	dessert	1
desserts	desserts	1
dibujo	dibujo	1
diffuse	diffuse	1
dinner	dinner	1
dog	dog	1
doggy	doggy	1
doglover	doglover	1
doglovers	doglovers	1
dogoftheday	dogoftheday	1
dogs	dogs	1
dogsofinstagram	dogsofinstagram	1
dogstagram	dogstagram	1
dolce	dolce	1
dolceandgabbana	dolceandgabbana	1
dolcegabbana	dolcegabbana	1
dolphin	dolphin	1
dolphins	dolphins	1
domenicodolce	domenicodolce	1
donotwant	donotwant	1
dope	dope	1
drained	drained	1
drawing	drawing	1
drawings	drawings	1
dress	dress	1
dresses	dresses	1
drink	drink	1
drinking	drinking	1
drinks	drinks	1
drinkup	drinkup	1
drive	drive	1
driver	driver	1
drunk	drunk	1
dude	dude	1
dusk	dusk	1
early	early	1
earrings	earrings	1
eastcoast	eastcoast	1
eat	eat	1
eating	eating	1
editicio	editicio	1
eilat	eilat	1
ekapadakoundinyasana	ekapadakoundinyasana	1
emerald	emerald	1
emmanuel	emmanuel	1
engine	engine	1
england	england	1
english	english	1
enjoy	enjoy	1
epic	epic	1
epicsky	epicsky	1
europe	europe	1
european	european	1
every	every	1
everyone	everyone	1
ex	ex	1
excercise	excercise	1
excerise	excerise	1
excited	excited	1
excursion	excursion	1
exhausted	exhausted	1
exotic	exotic	1
exoticcar	exoticcar	1
exoticcars	exoticcars	1
exposure	exposure	1
eyebrows	eyebrows	1
eyeliner	eyeliner	1
eyes	eyes	1
eyeshadow	eyeshadow	1
f4f	f4f	1
face	face	1
fall	fall	1
falltime	falltime	1
fallweather	fallweather	1
fam	fam	1
family	family	1
familytime	familytime	1
fancy	fancy	1
fantastic	fantastic	1
farm	farm	1
fashion	fashion	1
fashionable	fashionable	1
fashionblogger	fashionblogger	1
fashiondesign	fashiondesign	1
fashiondiaries	fashiondiaries	1
fashionista	fashionista	1
fashions	fashions	1
fashionshow	fashionshow	1
fashionstudy	fashionstudy	1
fashionstyle	fashionstyle	1
fashionweek	fashionweek	1
fast	fast	1
fat	fat	1
father	father	1
fatigue	fatigue	1
fauna	fauna	1
favoritegiftfriday	favoritegiftfriday	1
feelgood	feelgood	1
feelgoodphoto	feelgoodphoto	1
feliznavidad	feliznavidad	1
fender	fender	1
festival	festival	1
festive	festive	1
field	field	1
figure	figure	1
filter	filter	1
filters	filters	1
fine	fine	1
firm	firm	1
fish	fish	1
fisherman	fisherman	1
fishingboat	fishingboat	1
fishingpole	fishingpole	1
fishtagram	fishtagram	1
fishy	fishy	1
fishyface	fishyface	1
fishys	fishys	1
fit	fit	1
fitchick	fitchick	1
fitfluential	fitfluential	1
fitness	fitness	1
fitnessmodel	fitnessmodel	1
fitspo	fitspo	1
floating	floating	1
florida	florida	1
flower	flower	1
flowermagic	flowermagic	1
floweroftheday	floweroftheday	1
flowerp	flowerp	1
flowerporn	flowerporn	1
flowerpower	flowerpower	1
flowers	flowers	1
flowersofinstagram	flowersofinstagram	1
flowerstagram	flowerstagram	1
flowerstyles_gf	flowerstyles_gf	1
focus	focus	1
foliage	foliage	1
follow	follow	1
follow4follow	follow4follow	1
followall	followall	1
followalways	followalways	1
followback	followback	1
followbackalways	followbackalways	1
followbackinstantly	followbackinstantly	1
followbackteam	followbackteam	1
follower	follower	1
followers	followers	1
followforfollow	followforfollow	1
followforlike	followforlike	1
followgram	followgram	1
followher	followher	1
followhim	followhim	1
following	following	1
followme	followme	1
followmeback	followmeback	1
followmefollowyou	followmefollowyou	1
followmeplease	followmeplease	1
follownow	follownow	1
follows	follows	1
followshoutoutlikecomment	followshoutoutlikecomment	1
followstagram	followstagram	1
followus	followus	1
followyou	followyou	1
food	food	1
foodforfoodies	foodforfoodies	1
foodgasm	foodgasm	1
foodphotography	foodphotography	1
foodpic	foodpic	1
foodpics	foodpics	1
foodporn	foodporn	1
foodstagram	foodstagram	1
footwear	footwear	1
forest	forest	1
forever	forever	1
foundation	foundation	1
france	france	1
free	free	1
freelove	freelove	1
freerun	freerun	1
freeway	freeway	1
frenzied	frenzied	1
fresh	fresh	1
friend	friend	1
friends	friends	1
friendship	friendship	1
fuckyeah	fuckyeah	1
fullmoon	fullmoon	1
fun	fun	1
funny	funny	1
funnypictures	funnypictures	1
funtime	funtime	1
funtimes	funtimes	1
furtherfasterstronger	furtherfasterstronger	1
gabbana	gabbana	1
gallop	gallop	1
gamin	gamin	1
gay	gay	1
gaybear	gaybear	1
gaybeard	gaybeard	1
gayboy	gayboy	1
gayhot	gayhot	1
gaylife	gaylife	1
gays	gays	1
gaysexy	gaysexy	1
gayteen	gayteen	1
gb	gb	1
geek	geek	1
gentleman	gentleman	1
geography	geography	1
geometric	geometric	1
geometry	geometry	1
getinmybelly	getinmybelly	1
getup	getup	1
gf	gf	1
gf_daily	gf_daily	1
gf_israel	gf_israel	1
gibson	gibson	1
gift	gift	1
gifts	gifts	1
girl	girl	1
girlfriend	girlfriend	1
girlfriends	girlfriends	1
girls	girls	1
girlsbestfriend	girlsbestfriend	1
girlsday	girlsday	1
girlsgeneration	girlsgeneration	1
girlsgoneweed	girlsgoneweed	1
girlsnight	girlsnight	1
girlsnightout	girlsnightout	1
girlstuff	girlstuff	1
girlswhosmokeweed	girlswhosmokeweed	1
girlswithpiercings	girlswithpiercings	1
girlswithtattoos	girlswithtattoos	1
girly	girly	1
glass	glass	1
gliter	gliter	1
gloomy	gloomy	1
gloss	gloss	1
glue	glue	1
gn	gn	1
gold	gold	1
goldhair	goldhair	1
good	good	1
goodbye2014	goodbye2014	1
goodday	goodday	1
goodfriends	goodfriends	1
goodmorning	goodmorning	1
goodnight	goodnight	1
goods	goods	1
goodtime	goodtime	1
gorgeous	gorgeous	1
grandpiano	grandpiano	1
graphic	graphic	1
graphicdesign	graphicdesign	1
graphics	graphics	1
grass	grass	1
greatbritain	greatbritain	1
green	green	1
group	group	1
guitar	guitar	1
guitaramp	guitaramp	1
guitare	guitare	1
guitarhero	guitarhero	1
guitarist	guitarist	1
guitarpick	guitarpick	1
guitarplayer	guitarplayer	1
guitars	guitars	1
guitarsolo	guitarsolo	1
guitarstrings	guitarstrings	1
guitartabs	guitartabs	1
gutlover	gutlover	1
guy	guy	1
guys	guys	1
gym	gym	1
haggismunchers	haggismunchers	1
haha	haha	1
haifa	haifa	1
hair	hair	1
haircolor	haircolor	1
haircolour	haircolour	1
haircut	haircut	1
hairdesign	hairdesign	1
hairdo	hairdo	1
hairdye	hairdye	1
hairfashion	hairfashion	1
hairideas	hairideas	1
hairofinstagram	hairofinstagram	1
hairoftheday	hairoftheday	1
hairposts	hairposts	1
hairstyle	hairstyle	1
hairstyles	hairstyles	1
halloween	halloween	1
handsome	handsome	1
handtattoo	handtattoo	1
hannukah	hannukah	1
happiness	happiness	1
happy	happy	1
happychristmas	happychristmas	1
happyhappy	happyhappy	1
happyholidays	happyholidays	1
happyrunner	happyrunner	1
happyvalentines	happyvalentines	1
hard	hard	1
hardrock	hardrock	1
harry	harry	1
harrystyles	harrystyles	1
hastag	hastag	1
hatechristmas	hatechristmas	1
hdr	hdr	1
hdrama	hdrama	1
hdrart	hdrart	1
hdr_edits	hdr_edits	1
hdrepublic	hdrepublic	1
hdrfreak	hdrfreak	1
hdrfusion	hdrfusion	1
hdr_gallery	hdr_gallery	1
hdri	hdri	1
hdrimage	hdrimage	1
hdriphonegraphy	hdriphonegraphy	1
hdriphoneographer	hdriphoneographer	1
hdr_love	hdr_love	1
hdr_lovers	hdr_lovers	1
hdrmania	hdrmania	1
hdroftheday	hdroftheday	1
hdrphoto	hdrphoto	1
hdrphotography	hdrphotography	1
hdrspotters	hdrspotters	1
hdrstyles	hdrstyles	1
hdrstyles_gf	hdrstyles_gf	1
health	health	1
healthcare	healthcare	1
healthier	healthier	1
healthy	healthy	1
healthyeating	healthyeating	1
healthyfood	healthyfood	1
healthylifestyle	healthylifestyle	1
healthyliving	healthyliving	1
heart	heart	1
heat	heat	1
heels	heels	1
high	high	1
highheels	highheels	1
highway	highway	1
hike	hike	1
hilarious	hilarious	1
hiphop	hiphop	1
hipster	hipster	1
hohoho	hohoho	1
holiday	holiday	1
holidays	holidays	1
holidayseason	holidayseason	1
home	home	1
homemade	homemade	1
homestyling	homestyling	1
homme	homme	1
homotography	homotography	1
horizon	horizon	1
horse	horse	1
horsebackriding	horsebackriding	1
horsejumping	horsejumping	1
horsemask	horsemask	1
horseofinstagram	horseofinstagram	1
horsepower	horsepower	1
horseriding	horseriding	1
horses	horses	1
horseshoe	horseshoe	1
horseshow	horseshow	1
horses_of_instagram	horses_of_instagram	1
horsesofinstagram	horsesofinstagram	1
horsestagram	horsestagram	1
horsey	horsey	1
hot	hot	1
how	how	1
hugs	hugs	1
humor	humor	1
hungry	hungry	1
hunk	hunk	1
i	i	1
ic_architecture	ic_architecture	1
ic_bw_bw	ic_bw_bw	1
ice	ice	1
icecream	icecream	1
ic_sky	ic_sky	1
ic_trees	ic_trees	1
icy	icy	1
ifollow	ifollow	1
ifollowback	ifollowback	1
ig	ig	1
igaddict	igaddict	1
igdaily	igdaily	1
igers	igers	1
igersbnw	igersbnw	1
igersisrael	igersisrael	1
igersplay	igersplay	1
igersscotland	igersscotland	1
ig_ers_uk	ig_ers_uk	1
igersuk	igersuk	1
ig_europe	ig_europe	1
igfit	igfit	1
ig_israel	ig_israel	1
ig_israel_hanale	ig_israel_hanale	1
igs	igs	1
ig_uk	ig_uk	1
iguk	iguk	1
igyoga	igyoga	1
igyogafam	igyogafam	1
ihdr	ihdr	1
ilike	ilike	1
ilikeback	ilikeback	1
ilikeit	ilikeit	1
iliketurtles	iliketurtles	1
ilikeyou	ilikeyou	1
illustration	illustration	1
illustrator	illustrator	1
ilovecat	ilovecat	1
ilovecats	ilovecats	1
ilovedog	ilovedog	1
ilovedogs	ilovedogs	1
ilovefish	ilovefish	1
ilovefishing	ilovefishing	1
iloveguitars	iloveguitars	1
iloveme	iloveme	1
ilovemusic	ilovemusic	1
ilovemycat	ilovemycat	1
ilovemydog	ilovemydog	1
ilovemyhorse	ilovemyhorse	1
ilovemypet	ilovemypet	1
ilovepiano	ilovepiano	1
ilovetrees	ilovetrees	1
ilu	ilu	1
imagine	imagine	1
imap	imap	1
imgay	imgay	1
ink	ink	1
inked	inked	1
inkedup	inkedup	1
inlove	inlove	1
insect	insect	1
insects	insects	1
inspiredyogis	inspiredyogis	1
insta	insta	1
instaart	instaart	1
instaautumn	instaautumn	1
instababies	instababies	1
instabeach	instabeach	1
instabrands	instabrands	1
instacat	instacat	1
instadaily	instadaily	1
instafall	instafall	1
instafamous	instafamous	1
instafashion	instafashion	1
instafish	instafish	1
instafit	instafit	1
instafood	instafood	1
instafun	instafun	1
instagay	instagay	1
instago	instago	1
instagood	instagood	1
instagooddeepsleep	instagooddeepsleep	1
instagoodnight	instagoodnight	1
instagram	instagram	1
instagramdogs	instagramdogs	1
instagramers	instagramers	1
instagramhub	instagramhub	1
instagram_israel	instagram_israel	1
instagramisrael	instagramisrael	1
instagrammers	instagrammers	1
instagramvideo	instagramvideo	1
instagramvideos	instagramvideos	1
instahair	instahair	1
instahappy	instahappy	1
instahorse	instahorse	1
instahorses	instahorses	1
instahub	instahub	1
instakids	instakids	1
instakik	instakik	1
instalove	instalove	1
instamakeup	instamakeup	1
instamemory	instamemory	1
instamoment	instamoment	1
instamood	instamood	1
instanature	instanature	1
instaparty	instaparty	1
instapet	instapet	1
instapets	instapets	1
instapiano	instapiano	1
instarun	instarun	1
instarunner	instarunner	1
instaselfie	instaselfie	1
instashoes	instashoes	1
instasky	instasky	1
insta_sky_lovers	insta_sky_lovers	1
instasnapchat	instasnapchat	1
instasnow	instasnow	1
instasport	instasport	1
instastyle	instastyle	1
instasummer	instasummer	1
instatattoo	instatattoo	1
instatb	instatb	1
instatbt	instatbt	1
instauk	instauk	1
instav	instav	1
instavideo	instavideo	1
instawinter	instawinter	1
instayoga	instayoga	1
instrument	instrument	1
interiordesign	interiordesign	1
inthemood	inthemood	1
iphoneography	iphoneography	1
iphoneonly	iphoneonly	1
iphonesia	iphonesia	1
ireland	ireland	1
irox_bw	irox_bw	1
is	is	1
iskyhub	iskyhub	1
israel	israel	1
israel2015	israel2015	1
israeli	israeli	1
israeligram	israeligram	1
israelinstagram	israelinstagram	1
israeloftheday	israeloftheday	1
italy	italy	1
jacket	jacket	1
jackson	jackson	1
jeans	jeans	1
jewel	jewel	1
jewelery	jewelery	1
jewelry	jewelry	1
jewishstuff	jewishstuff	1
jewlery	jewlery	1
jewlife	jewlife	1
jj	jj	1
jj_forum	jj_forum	1
jockey	jockey	1
joke	joke	1
jokes	jokes	1
joking	joking	1
joy	joy	1
justdoit	justdoit	1
justme	justme	1
karllagerfeld	karllagerfeld	1
kentucky	kentucky	1
keys	keys	1
kickinit	kickinit	1
kickit	kickit	1
kid	kid	1
kids	kids	1
kik	kik	1
kikit	kikit	1
kikme	kikme	1
kikmee	kikmee	1
kikmegirls	kikmegirls	1
kikmeguys	kikmeguys	1
kikmeimbored	kikmeimbored	1
kikmemaybe	kikmemaybe	1
kikmenow	kikmenow	1
kikmeplease	kikmeplease	1
kikmessage	kikmessage	1
kikmessanger	kikmessanger	1
kikmessenger	kikmessenger	1
kikster	kikster	1
kindle	kindle	1
kingdom	kingdom	1
kisses	kisses	1
kitten	kitten	1
kittens	kittens	1
kittensofinstagram	kittensofinstagram	1
kitty	kitty	1
kosher	kosher	1
l4l	l4l	1
la	la	1
laces	laces	1
lagerfeld	lagerfeld	1
lakers	lakers	1
lakersnation	lakersnation	1
lanadelrey	lanadelrey	1
landscape	landscape	1
landscapehunter	landscapehunter	1
landscape_lover	landscape_lover	1
landscape_lovers	landscape_lovers	1
landscapelovers	landscapelovers	1
landscapes	landscapes	1
landscapestyles	landscapestyles	1
lasvega	lasvega	1
laugh	laugh	1
laughing	laughing	1
leaf	leaf	1
leafs	leafs	1
leaves	leaves	1
lespaul	lespaul	1
letskik	letskik	1
letssnapchat	letssnapchat	1
levernis	levernis	1
lgbtjews	lgbtjews	1
library	library	1
life	life	1
lifestyle	lifestyle	1
light	light	1
lighthair	lighthair	1
lightsout	lightsout	1
like	like	1
like4like	like4like	1
likeall	likeall	1
likealways	likealways	1
likebackteam	likebackteam	1
likecomment	likecomment	1
likecommentfollow	likecommentfollow	1
likeforlike	likeforlike	1
likeme	likeme	1
likemeback	likemeback	1
liker	liker	1
likers	likers	1
likes	likes	1
likes4followers	likes4followers	1
likes4likes	likes4likes	1
likesback	likesback	1
likesforlike	likesforlike	1
likesforlikes	likesforlikes	1
likesreturned	likesreturned	1
liketeam	liketeam	1
liking	liking	1
line	line	1
linedesign	linedesign	1
lines	lines	1
lingoware	lingoware	1
lip	lip	1
lipgloss	lipgloss	1
lips	lips	1
lipstick	lipstick	1
liquor	liquor	1
literate	literate	1
literature	literature	1
live	live	1
living	living	1
lmao	lmao	1
lmfao	lmfao	1
lol	lol	1
lomemymom	lomemymom	1
london	london	1
longhair	longhair	1
longhairdontcare	longhairdontcare	1
look	look	1
lookbook	lookbook	1
lotsamatzah	lotsamatzah	1
louisvuitton	louisvuitton	1
louisvuittonbag	louisvuittonbag	1
louisvuittonbelt	louisvuittonbelt	1
louisvuittonmalletier	louisvuittonmalletier	1
louisvuittonman	louisvuittonman	1
louisvuittonparis	louisvuittonparis	1
louisvuittonwoman	louisvuittonwoman	1
lov	lov	1
love	love	1
love4love	love4love	1
loveall	loveall	1
lovebooks	lovebooks	1
loveboys	loveboys	1
loveher	loveher	1
lovehim	lovehim	1
loveit	loveit	1
lovelife	lovelife	1
lovely	lovely	1
lovelyday	lovelyday	1
loveman	loveman	1
loveme	loveme	1
lovemybf	lovemybf	1
lovemydad	lovemydad	1
lovemygf	lovemygf	1
lover	lover	1
lovers	lovers	1
lovethem	lovethem	1
lovetohike	lovetohike	1
loveu2	loveu2	1
loveubro	loveubro	1
loveudad	loveudad	1
loveumom	loveumom	1
loveusis	loveusis	1
loveyoutoo	loveyoutoo	1
lovinglife	lovinglife	1
lovley	lovley	1
lowbackstrength	lowbackstrength	1
lunch	lunch	1
mac	mac	1
made	made	1
mademoiselle	mademoiselle	1
makeup	makeup	1
makeupartist	makeupartist	1
male	male	1
malemodel	malemodel	1
man	man	1
mane	mane	1
mannequins	mannequins	1
map	map	1
mapastepec	mapastepec	1
mapex	mapex	1
maple	maple	1
maplegrove	maplegrove	1
maplestory	maplestory	1
maplesyrup	maplesyrup	1
maplesyur	maplesyur	1
mapleton	mapleton	1
mapletulip	mapletulip	1
mapmaker	mapmaker	1
maps	maps	1
marathon	marathon	1
marinadiamandis	marinadiamandis	1
markers	markers	1
mascara	mascara	1
matzah	matzah	1
me	me	1
melody	melody	1
memories	memories	1
men	men	1
meow	meow	1
mermaidsforlife	mermaidsforlife	1
miami	miami	1
mini	mini	1
minimal	minimal	1
mint	mint	1
miss	miss	1
mmm	mmm	1
model	model	1
modelgirl	modelgirl	1
modelguy	modelguy	1
modeling	modeling	1
models	models	1
mom	mom	1
money	money	1
mono	mono	1
monoart	monoart	1
monochrome	monochrome	1
moon	moon	1
moonlight	moonlight	1
morning	morning	1
mornings	mornings	1
mother	mother	1
mothernature	mothernature	1
mountains	mountains	1
mouth	mouth	1
movingforward2014	movingforward2014	1
mozart	mozart	1
muffler	muffler	1
music	music	1
musica	musica	1
musical	musical	1
musicals	musicals	1
musicflow	musicflow	1
musician	musician	1
musicians	musicians	1
musicislife	musicislife	1
musicismylife	musicismylife	1
musicnotes	musicnotes	1
musicvideo	musicvideo	1
musthave	musthave	1
my	my	1
myart	myart	1
mybde	mybde	1
myboyfriend	myboyfriend	1
mygirlfriend	mygirlfriend	1
mylife	mylife	1
mylove	mylove	1
mymap	mymap	1
myself	myself	1
myvideo	myvideo	1
nail	nail	1
nailart	nailart	1
nailartaddict	nailartaddict	1
nailartaddicts	nailartaddicts	1
nailartclub	nailartclub	1
nailartheaven	nailartheaven	1
nailartjunkie	nailartjunkie	1
naildesign	naildesign	1
nailpolish	nailpolish	1
nails	nails	1
nailswag	nailswag	1
nailvarnish	nailvarnish	1
natgeohub	natgeohub	1
natural	natural	1
naturalhair	naturalhair	1
naturalhairproducts	naturalhairproducts	1
nature	nature	1
naturecloud_skye	naturecloud_skye	1
naturediversity	naturediversity	1
naturegram	naturegram	1
naturelove	naturelove	1
naturelover	naturelover	1
naturelovers	naturelovers	1
natureonly	natureonly	1
naturephoto	naturephoto	1
naturephotography	naturephotography	1
natureporn	natureporn	1
nature_prefection	nature_prefection	1
nature_seekers	nature_seekers	1
nature_shooters	nature_shooters	1
naturewalk	naturewalk	1
natureza	natureza	1
nb	nb	1
nba	nba	1
necklace	necklace	1
nero	nero	1
net	net	1
new	new	1
newjersey	newjersey	1
newyork	newyork	1
night	night	1
nights	nights	1
nighttime	nighttime	1
nightynight	nightynight	1
nike	nike	1
nikeboys	nikeboys	1
nikefreerun	nikefreerun	1
nikegirls	nikegirls	1
nikeman	nikeman	1
nikeshoes	nikeshoes	1
nikesport	nikesport	1
nikewoman	nikewoman	1
nofilter	nofilter	1
noir	noir	1
noiretblanc	noiretblanc	1
noirlovers	noirlovers	1
nolove	nolove	1
nomnom	nomnom	1
nomnomnom	nomnomnom	1
nook	nook	1
nosun	nosun	1
ny	ny	1
ocean	ocean	1
old	old	1
onedirection	onedirection	1
onedirectioninfection	onedirectioninfection	1
oneofeach	oneofeach	1
orange	orange	1
orchestra	orchestra	1
ottish	ottish	1
outfit	outfit	1
outing	outing	1
outside	outside	1
page	page	1
pages	pages	1
painting	painting	1
paintings	paintings	1
palettes	palettes	1
pancakes	pancakes	1
paper	paper	1
paradise	paradise	1
parfum	parfum	1
parfume	parfume	1
paris	paris	1
parsvabakasana	parsvabakasana	1
party	party	1
partying	partying	1
partylightsout	partylightsout	1
passover	passover	1
pattern	pattern	1
pencil	pencil	1
people	people	1
perfect	perfect	1
perfectcurls	perfectcurls	1
perspective	perspective	1
pet	pet	1
petal	petal	1
petals	petals	1
pets	pets	1
petsagram	petsagram	1
petstagram	petstagram	1
photo	photo	1
photobomb	photobomb	1
photography	photography	1
photoofthed	photoofthed	1
photooftheday	photooftheday	1
photos	photos	1
photoshop	photoshop	1
pianist	pianist	1
piano	piano	1
pianobar	pianobar	1
pianoforte	pianoforte	1
pianogram	pianogram	1
pianokeys	pianokeys	1
pianoman	pianoman	1
pianonotes	pianonotes	1
pianorock	pianorock	1
pianosbecometheteeth	pianosbecometheteeth	1
pic	pic	1
picoftheday	picoftheday	1
picpets	picpets	1
pics	pics	1
picstitch	picstitch	1
pink	pink	1
plants	plants	1
platforms	platforms	1
play	play	1
player	player	1
playmusic	playmusic	1
pleasecomment	pleasecomment	1
pleasecomments	pleasecomments	1
pleasekik	pleasekik	1
plot	plot	1
polish	polish	1
pond	pond	1
ponies	ponies	1
pony	pony	1
pool	pool	1
pop	pop	1
popular	popular	1
popularpage	popularpage	1
portrait	portrait	1
pouring	pouring	1
powder	powder	1
practiceandalliscoming	practiceandalliscoming	1
precious	precious	1
pretty	pretty	1
prettynails	prettynails	1
primeshots	primeshots	1
printers	printers	1
professional	professional	1
pub	pub	1
punk	punk	1
pup	pup	1
puppies	puppies	1
puppy	puppy	1
purse	purse	1
pussycat	pussycat	1
queerseder	queerseder	1
race	race	1
racing	racing	1
rain	rain	1
raining	raining	1
rainy	rainy	1
rainyday	rainyday	1
rainydays	rainydays	1
rayban	rayban	1
raybans	raybans	1
raybansofficial	raybansofficial	1
read	read	1
reader	reader	1
reading	reading	1
readinglist	readinglist	1
recording	recording	1
red	red	1
redhead	redhead	1
reflection	reflection	1
related	related	1
relaxing	relaxing	1
reminisce	reminisce	1
reminiscing	reminiscing	1
repost	repost	1
retro	retro	1
rich	rich	1
ride	ride	1
rider	rider	1
riders	riders	1
riding	riding	1
right	right	1
rim	rim	1
rims	rims	1
ring	ring	1
ripples	ripples	1
road	road	1
rock	rock	1
rockband	rockband	1
rocknroll	rocknroll	1
rockstar	rockstar	1
rockstars	rockstars	1
rockstud	rockstud	1
romance	romance	1
ruby	ruby	1
rue	rue	1
run	run	1
runchat	runchat	1
runhappy	runhappy	1
runner	runner	1
runners	runners	1
running	running	1
runtoinspire	runtoinspire	1
rushpopup	rushpopup	1
russia	russia	1
russian	russian	1
russianblue	russianblue	1
russianboy	russianboy	1
russiandoll	russiandoll	1
russianfederation	russianfederation	1
russiangirl	russiangirl	1
russiangirls	russiangirls	1
russianred	russianred	1
russianriver	russianriver	1
russians	russians	1
russia_ww	russia_ww	1
s4s	s4s	1
sand	sand	1
sandals	sandals	1
sanfrancisco	sanfrancisco	1
saturday	saturday	1
scenery	scenery	1
school	school	1
score	score	1
scotland	scotland	1
scottish	scottish	1
sea	sea	1
seafood	seafood	1
seafoods	seafoods	1
sealife	sealife	1
seascape	seascape	1
seaside	seaside	1
season	season	1
seasons	seasons	1
seenonmyrun	seenonmyrun	1
selfie	selfie	1
sexy	sexy	1
sf	sf	1
sharefood	sharefood	1
sheamoisture4u	sheamoisture4u	1
sheetmusic	sheetmusic	1
shiny	shiny	1
shoe	shoe	1
shoeporn	shoeporn	1
shoes	shoes	1
shoesoftheday	shoesoftheday	1
shore	shore	1
shoutmeout	shoutmeout	1
shout_out	shout_out	1
shoutout	shoutout	1
shoutout4shoutou	shoutout4shoutou	1
shoutout4shoutout	shoutout4shoutout	1
shoutoutback	shoutoutback	1
shoutouter	shoutouter	1
shoutoutforshoutout	shoutoutforshoutout	1
shoutoutme	shoutoutme	1
shoutoutpage	shoutoutpage	1
shoutoutplease	shoutoutplease	1
shoutouts	shoutouts	1
shoutouts_4_cats	shoutouts_4_cats	1
shoutouts4free	shoutouts4free	1
shoutouts_4_pets	shoutouts_4_pets	1
shoutoutsforfree	shoutoutsforfree	1
shoutoutsforyou	shoutoutsforyou	1
shoutoutshere	shoutoutshere	1
shouts	shouts	1
showjumping	showjumping	1
shredding	shredding	1
siblings	siblings	1
sidecrow	sidecrow	1
silly	silly	1
singer	singer	1
singlegay	singlegay	1
singlelife	singlelife	1
sis	sis	1
sister	sister	1
sisters	sisters	1
site	site	1
sketch	sketch	1
sketchaday	sketchaday	1
skies	skies	1
skinny	skinny	1
skirt	skirt	1
sky	sky	1
skyback	skyback	1
sky_collection	sky_collection	1
skyfall	skyfall	1
skyferreira	skyferreira	1
skylight	skylight	1
skyline	skyline	1
skylovers	skylovers	1
skypainters	skypainters	1
skyporn	skyporn	1
skyscraper	skyscraper	1
skysnappers	skysnappers	1
slamdunk	slamdunk	1
sleep	sleep	1
sleeptime	sleeptime	1
sleepy	sleepy	1
sleevetattoo	sleevetattoo	1
slurp	slurp	1
smile	smile	1
smiling	smiling	1
snap	snap	1
snapback	snapback	1
snapchat	snapchat	1
snapchatit	snapchatit	1
snapchatme	snapchatme	1
snapchatmegirls	snapchatmegirls	1
snapchatmeimbored	snapchatmeimbored	1
snapchatmemaybe	snapchatmemaybe	1
snapchatmenow	snapchatmenow	1
snapchatmeplease	snapchatmeplease	1
snapchatmguys	snapchatmguys	1
snapchatster	snapchatster	1
snapit	snapit	1
sneakerporn	sneakerporn	1
sneakers	sneakers	1
snow	snow	1
snowflakes	snowflakes	1
snowing	snowing	1
snowman	snowman	1
so	so	1
so4so	so4so	1
soback	soback	1
sobackteam	sobackteam	1
soccer	soccer	1
somuchfun	somuchfun	1
song	song	1
songs	songs	1
sopretty	sopretty	1
sparkles	sparkles	1
specialbranch	specialbranch	1
speed	speed	1
spoiler	spoiler	1
sport	sport	1
sports	sports	1
sportsbrav	sportsbrav	1
sportscar	sportscar	1
sportscars	sportscars	1
sporty	sporty	1
spring	spring	1
star	star	1
stars	stars	1
statigram	statigram	1
staywarm	staywarm	1
stefanogabbana	stefanogabbana	1
stilettos	stilettos	1
stories	stories	1
story	story	1
str8hdr	str8hdr	1
straight	straight	1
straighthair	straighthair	1
streelight	streelight	1
street	street	1
streetart	streetart	1
streetwear	streetwear	1
stripes	stripes	1
strong	strong	1
stuffed	stuffed	1
stunning	stunning	1
stupid	stupid	1
style	style	1
styles	styles	1
styling	styling	1
stylish	stylish	1
stylist	stylist	1
sugar	sugar	1
summer	summer	1
summer12	summer12	1
summer2011	summer2011	1
summer2012	summer2012	1
summerday	summerday	1
summerdays	summerdays	1
summerfashion	summerfashion	1
summerfeeling	summerfeeling	1
summerfun	summerfun	1
summerlove	summerlove	1
summerlovin	summerlovin	1
summernight	summernight	1
summernights	summernights	1
summerschool	summerschool	1
summerslimdown	summerslimdown	1
summertime	summertime	1
summertimeshine	summertimeshine	1
summerweather	summerweather	1
sun	sun	1
sunglasses	sunglasses	1
sunlight	sunlight	1
sunlover	sunlover	1
sunny	sunny	1
sunrise	sunrise	1
sunriselover	sunriselover	1
sunrise_lovers	sunrise_lovers	1
sunriselovers	sunriselovers	1
sunrise_maddness	sunrise_maddness	1
sunrise_sunset_aroundworld	sunrise_sunset_aroundworld	1
sunrise_sunset_worldwide	sunrise_sunset_worldwide	1
sunset	sunset	1
sunshine	sunshine	1
sunshineaddicted	sunshineaddicted	1
sunshineday	sunshineday	1
swag	swag	1
swagg	swagg	1
sweet	sweet	1
sweets	sweets	1
sweettooth	sweettooth	1
swim	swim	1
swimmer	swimmer	1
swimmers	swimmers	1
swimming	swimming	1
swimmingpool	swimmingpool	1
swimsuit	swimsuit	1
swoosh	swoosh	1
tabblender	tabblender	1
tagblender	tagblender	1
tagblenderower	tagblenderower	1
tagsblender	tagsblender	1
tail	tail	1
tan	tan	1
tasty	tasty	1
tat	tat	1
tats	tats	1
tatted	tatted	1
tattedup	tattedup	1
tattoist	tattoist	1
tattoo	tattoo	1
tattooed	tattooed	1
tattoos	tattoos	1
tatts	tatts	1
tb	tb	1
tbt	tbt	1
tbts	tbts	1
team	team	1
technique	technique	1
telaviv	telaviv	1
texas	texas	1
text	text	1
tflers	tflers	1
thankyou	thankyou	1
thats	thats	1
the	the	1
thirsty	thirsty	1
thirstythursday	thirstythursday	1
throw	throw	1
throwback	throwback	1
throwbackthursday	throwbackthursday	1
throwbackthursdays	throwbackthursdays	1
throwbackthursdayy	throwbackthursdayy	1
throwbackthursdayyy	throwbackthursdayyy	1
time2run	time2run	1
tire	tire	1
tired	tired	1
tires	tires	1
tlv	tlv	1
tlvoftheday	tlvoftheday	1
to	to	1
tolove	tolove	1
topaz	topaz	1
tour	tour	1
town	town	1
traesuremap	traesuremap	1
trailrun	trailrun	1
trailrunner	trailrunner	1
trailrunning	trailrunning	1
train	train	1
trainer	trainer	1
trainers	trainers	1
training	training	1
trainstation	trainstation	1
traintracks	traintracks	1
traveling	traveling	1
tree	tree	1
treeporn	treeporn	1
trees	trees	1
treescape	treescape	1
treescollection	treescollection	1
treesrock	treesrock	1
treestagram	treestagram	1
trend	trend	1
trends	trends	1
trendy	trendy	1
trip	trip	1
trumpet	trumpet	1
tshirt	tshirt	1
tumblrhipster	tumblrhipster	1
tweegram	tweegram	1
twilightscapes	twilightscapes	1
udog_public	udog_public	1
uk	uk	1
uk_photooftheday	uk_photooftheday	1
uloveme	uloveme	1
underwater	underwater	1
underwatercamera	underwatercamera	1
underwatergram	underwatergram	1
underwaterphoto	underwaterphoto	1
underwaterphotograpy	underwaterphotograpy	1
underwaterworld	underwaterworld	1
united	united	1
unitedkingdom	unitedkingdom	1
unitedstates	unitedstates	1
urban	urban	1
urbanart	urbanart	1
urbandecay	urbandecay	1
urbanexploration	urbanexploration	1
urbangangfamily	urbangangfamily	1
urbano	urbano	1
urbanoutfitters	urbanoutfitters	1
urmap	urmap	1
us	us	1
usa	usa	1
vacationtime	vacationtime	1
valentines	valentines	1
vector	vector	1
vegas	vegas	1
vehicle	vehicle	1
vehicles	vehicles	1
versagram	versagram	1
vibes	vibes	1
vida	vida	1
video	video	1
videoclip	videoclip	1
videodiary	videodiary	1
videogame	videogame	1
videogames	videogames	1
videogram	videogram	1
videography	videography	1
videooftheday	videooftheday	1
videooninstagram	videooninstagram	1
videos	videos	1
videoshoot	videoshoot	1
videoshow	videoshow	1
videostar	videostar	1
view	view	1
vintage	vintage	1
visuals	visuals	1
wacky	wacky	1
wales	wales	1
walklikeus	walklikeus	1
warm	warm	1
washington	washington	1
watch	watch	1
water	water	1
watercolor	watercolor	1
watercolour	watercolour	1
watersport	watersport	1
watersports	watersports	1
wave	wave	1
waves	waves	1
weather	weather	1
webdesign	webdesign	1
website	website	1
weheartit	weheartit	1
weight	weight	1
welcome2015	welcome2015	1
westcoasts	westcoasts	1
wet	wet	1
whale	whale	1
whatjeweating	whatjeweating	1
whatsyourfavorite	whatsyourfavorite	1
wheel	wheel	1
wheels	wheels	1
white	white	1
who	who	1
wild	wild	1
will	will	1
wine	wine	1
winner	winner	1
winter	winter	1
winter2012	winter2012	1
winter2012collection	winter2012collection	1
winter2013	winter2013	1
winterbreak	winterbreak	1
winterclothes	winterclothes	1
wintercoat	wintercoat	1
winterfashion	winterfashion	1
wintergreen	wintergreen	1
winteriscoming	winteriscoming	1
winterishere	winterishere	1
winterscoming	winterscoming	1
wintertime	wintertime	1
winterwonderland	winterwonderland	1
withfilter	withfilter	1
witty	witty	1
wnba	wnba	1
woman	woman	1
women	women	1
wonderful2015	wonderful2015	1
wood	wood	1
woods	woods	1
word	word	1
words	words	1
work	work	1
workout	workout	1
workouttime	workouttime	1
worldmap	worldmap	1
yang	yang	1
year	year	1
yeartrip	yeartrip	1
yingandyang	yingandyang	1
yogaaddict	yogaaddict	1
yogachallenge	yogachallenge	1
yogafit	yogafit	1
yogaforlovers	yogaforlovers	1
yogagirl	yogagirl	1
yogagram	yogagram	1
yogahigh	yogahigh	1
yogalife	yogalife	1
yogalove	yogalove	1
yogaplay	yogaplay	1
yogapose	yogapose	1
yogapractice	yogapractice	1
yogastretch	yogastretch	1
yogini	yogini	1
yum	yum	1
yummy	yummy	1
yumyum	yumyum	1
город	город	1
класс	класс	1
красиво	красиво	1
круто	круто	1
кукла	кукла	1
лучшее	лучшее	1
любовь	любовь	1
мир	мир	1
ноги	ноги	1
погода	погода	1
природа	природа	1
сегодня	сегодня	1
счастье	счастье	1
удивительно	удивительно	1
фото	фото	1
אופנה	אופנה	1
ישראל	ישראל	1
סולמית	סולמית	1
עברית	עברית	1
תלאביב	תלאביב	1
